[{"model": "contenttypes.contenttype", "fields": {"app_label": "admin", "model": "logentry"}}, {"model": "contenttypes.contenttype", "fields": {"app_label": "auth", "model": "permission"}}, {"model": "contenttypes.contenttype", "fields": {"app_label": "auth", "model": "group"}}, {"model": "contenttypes.contenttype", "fields": {"app_label": "contenttypes", "model": "contenttype"}}, {"model": "contenttypes.contenttype", "fields": {"app_label": "sessions", "model": "session"}}, {"model": "contenttypes.contenttype", "fields": {"app_label": "accounts", "model": "user"}}, {"model": "contenttypes.contenttype", "fields": {"app_label": "courses", "model": "enrollment"}}, {"model": "contenttypes.contenttype", "fields": {"app_label": "courses", "model": "lesson"}}, {"model": "contenttypes.contenttype", "fields": {"app_label": "courses", "model": "course"}}, {"model": "contenttypes.contenttype", "fields": {"app_label": "courses", "model": "category"}}, {"model": "contenttypes.contenttype", "fields": {"app_label": "courses", "model": "module"}}, {"model": "contenttypes.contenttype", "fields": {"app_label": "courses", "model": "lessonprogress"}}, {"model": "contenttypes.contenttype", "fields": {"app_label": "courses", "model": "review"}}, {"model": "contenttypes.contenttype", "fields": {"app_label": "payments", "model": "payment"}}, {"model": "sessions.session", "pk": "vbiais8vzhpenub8deyjg3rh1uxh9yqb", "fields": {"session_data": ".eJxVjEsOwjAMBe-SNYrUJM6HJXvOUNmOTQuokfpZIe4OlbqA7ZuZ9zI9buvQb4vM_VjN2XTOnH5HQn7ItJN6x-nWLLdpnUeyu2IPuthrq_K8HO7fwYDL8K2zk9zF4kk1A2oRBaHEQCrqmWJNCDFpchCKjw4pKPhSKQJnDorm_QEtiTkd:1ug77m:n8PiGSqMQM2GCtNFs7SP3mG98CnuXwSLwVj0fDf1zpE", "expire_date": "2025-08-10T19:33:34.430Z"}}, {"model": "courses.category", "pk": 1, "fields": {"name": "Programming", "slug": "programming", "description": "Learn various programming languages and frameworks", "created_at": "2025-07-25T08:39:17.019Z"}}, {"model": "courses.category", "pk": 2, "fields": {"name": "Web Development", "slug": "web-development", "description": "Master frontend and backend web technologies", "created_at": "2025-07-25T08:39:17.026Z"}}, {"model": "courses.category", "pk": 3, "fields": {"name": "Data Science", "slug": "data-science", "description": "Explore data analysis, machine learning, and AI", "created_at": "2025-07-25T08:39:17.030Z"}}, {"model": "courses.category", "pk": 4, "fields": {"name": "Business", "slug": "business", "description": "Business skills and entrepreneurship", "created_at": "2025-07-25T08:39:17.034Z"}}, {"model": "courses.category", "pk": 5, "fields": {"name": "Design", "slug": "design", "description": "Graphic design, UI/UX, and creative skills", "created_at": "2025-07-25T08:39:17.038Z"}}, {"model": "courses.category", "pk": 6, "fields": {"name": "Marketing", "slug": "marketing", "description": "Digital marketing, SEO, and social media", "created_at": "2025-07-25T08:39:17.042Z"}}, {"model": "courses.module", "pk": 1, "fields": {"course": 1, "title": "Introduction to IPE and Manufacturing Systems", "description": "Overview of industrial engineering principles, manufacturing system types, and production environments. Introduction to process flow analysis and system optimization fundamentals.", "order": 1, "created_at": "2025-07-25T09:43:24.485Z"}}, {"model": "courses.module", "pk": 2, "fields": {"course": 1, "title": "Production Planning and Control", "description": "Learn production scheduling techniques, capacity planning, and resource allocation. Cover master production schedules, material requirements planning (MRP), and workflow optimization strategies.", "order": 2, "created_at": "2025-07-25T09:44:07.743Z"}}, {"model": "courses.module", "pk": 3, "fields": {"course": 1, "title": "Quality Management and Control Systems", "description": "Statistical quality control methods, inspection techniques, and quality assurance frameworks. Introduction to Six Sigma, control charts, and defect prevention strategies.", "order": 3, "created_at": "2025-07-25T09:44:44.680Z"}}, {"model": "courses.module", "pk": 4, "fields": {"course": 2, "title": "Sales Fundamentals", "description": "", "order": 1, "created_at": "2025-07-25T17:04:02.289Z"}}, {"model": "courses.module", "pk": 5, "fields": {"course": 2, "title": "Prospecting and Initial Contact", "description": "", "order": 2, "created_at": "2025-07-25T17:04:47.617Z"}}, {"model": "courses.module", "pk": 6, "fields": {"course": 2, "title": "Presentation and Objection Handling", "description": "", "order": 3, "created_at": "2025-07-25T17:07:11.126Z"}}, {"model": "courses.module", "pk": 7, "fields": {"course": 2, "title": "Closing and Follow-up", "description": "", "order": 4, "created_at": "2025-07-25T17:08:49.958Z"}}, {"model": "courses.module", "pk": 8, "fields": {"course": 3, "title": "Advanced Laravel Architecture", "description": "", "order": 1, "created_at": "2025-07-25T19:10:50.952Z"}}, {"model": "courses.module", "pk": 9, "fields": {"course": 3, "title": "Performance and Optimization", "description": "", "order": 2, "created_at": "2025-07-25T19:11:05.889Z"}}, {"model": "courses.module", "pk": 10, "fields": {"course": 3, "title": "Deployment and Production", "description": "", "order": 3, "created_at": "2025-07-25T19:11:20.949Z"}}, {"model": "courses.module", "pk": 11, "fields": {"course": 4, "title": "Getting Started with Illustrator", "description": "", "order": 0, "created_at": "2025-07-27T06:52:25.020Z"}}, {"model": "courses.module", "pk": 12, "fields": {"course": 4, "title": "Core Tools & Techniques", "description": "", "order": 0, "created_at": "2025-07-27T06:52:37.515Z"}}, {"model": "courses.module", "pk": 13, "fields": {"course": 4, "title": "Typography & Layout", "description": "", "order": 0, "created_at": "2025-07-27T06:52:48.692Z"}}, {"model": "courses.module", "pk": 14, "fields": {"course": 4, "title": "Real Projects & Exporting", "description": "", "order": 0, "created_at": "2025-07-27T06:53:00.537Z"}}, {"model": "courses.module", "pk": 15, "fields": {"course": 5, "title": "Getting Started with Canva", "description": "", "order": 0, "created_at": "2025-07-27T07:14:53.070Z"}}, {"model": "courses.module", "pk": 16, "fields": {"course": 5, "title": "Design Basics", "description": "", "order": 0, "created_at": "2025-07-27T07:15:11.439Z"}}, {"model": "courses.module", "pk": 17, "fields": {"course": 5, "title": "Real-World Projects", "description": "", "order": 0, "created_at": "2025-07-27T07:15:20.229Z"}}, {"model": "courses.module", "pk": 18, "fields": {"course": 6, "title": "Competitive Programming Essentials", "description": "", "order": 0, "created_at": "2025-07-27T07:31:00.455Z"}}, {"model": "courses.module", "pk": 19, "fields": {"course": 6, "title": "Key Algorithms and Patterns", "description": "", "order": 0, "created_at": "2025-07-27T07:31:09.030Z"}}, {"model": "courses.module", "pk": 20, "fields": {"course": 6, "title": "Optimization & Practice", "description": "", "order": 0, "created_at": "2025-07-27T07:31:20.809Z"}}, {"model": "courses.module", "pk": 21, "fields": {"course": 7, "title": "Getting Started with C", "description": "", "order": 0, "created_at": "2025-07-27T10:06:42.769Z"}}, {"model": "courses.module", "pk": 22, "fields": {"course": 7, "title": "Basics of C++", "description": "", "order": 0, "created_at": "2025-07-27T10:06:51.177Z"}}, {"model": "courses.module", "pk": 23, "fields": {"course": 8, "title": "Strategic Foundations", "description": "", "order": 0, "created_at": "2025-07-27T10:13:20.834Z"}}, {"model": "courses.module", "pk": 24, "fields": {"course": 8, "title": "Execution & Optimization", "description": "", "order": 0, "created_at": "2025-07-27T10:13:29.697Z"}}, {"model": "courses.lesson", "pk": 1, "fields": {"module": 1, "title": "Lecture #01 | Break-even Analysis | Industrial Engineering", "description": "", "video_url": "https://youtu.be/JW_bwRRu56w?list=PLNyPK_sfNdSTX5Z_V48T6U5WRlAtNYTnv", "order": 1, "duration_minutes": 67, "created_at": "2025-07-25T10:42:23.312Z"}}, {"model": "courses.lesson", "pk": 2, "fields": {"module": 2, "title": "Lecture #03 | Inventory (Part-2) | Industrial Engineering", "description": "", "video_url": "https://youtu.be/9HdekEm-4Vk?list=PLNyPK_sfNdSTX5Z_V48T6U5WRlAtNYTnv", "order": 1, "duration_minutes": 45, "created_at": "2025-07-25T10:43:27.904Z"}}, {"model": "courses.lesson", "pk": 3, "fields": {"module": 3, "title": "Lecture #11 | Queuing Theory | Industrial Engineering", "description": "", "video_url": "https://youtu.be/ojgW8kt32Ic?list=PLNyPK_sfNdSTX5Z_V48T6U5WRlAtNYTnv", "order": 1, "duration_minutes": 39, "created_at": "2025-07-25T10:44:02.327Z"}}, {"model": "courses.lesson", "pk": 4, "fields": {"module": 3, "title": "LPP Graphical method | Industrial Engineering", "description": "", "video_url": "https://youtu.be/Mmfh8EaEho0?list=PLNyPK_sfNdSTX5Z_V48T6U5WRlAtNYTnv", "order": 2, "duration_minutes": 33, "created_at": "2025-07-25T16:26:00.934Z"}}, {"model": "courses.lesson", "pk": 5, "fields": {"module": 4, "title": "Understanding the Sales Mindset and Customer Psychology", "description": "", "video_url": "https://youtu.be/E6Csz_hvXzw?list=PLEmTTOfet46PvAsPpWByNgUWZ5dLJd_I4", "order": 1, "duration_minutes": 7, "created_at": "2025-07-25T17:04:28.412Z"}}, {"model": "courses.lesson", "pk": 6, "fields": {"module": 5, "title": "Effective Lead Generation Strategies", "description": "", "video_url": "https://youtu.be/zie_xSa2oRc?list=PLEmTTOfet46PvAsPpWByNgUWZ5dLJd_I4", "order": 2, "duration_minutes": 8, "created_at": "2025-07-25T17:05:48.579Z"}}, {"model": "courses.lesson", "pk": 7, "fields": {"module": 5, "title": "Making Powerful First Impressions", "description": "", "video_url": "https://youtu.be/QQQe1aDy4fE?list=PLEmTTOfet46PvAsPpWByNgUWZ5dLJd_I4", "order": 2, "duration_minutes": 9, "created_at": "2025-07-25T17:06:19.303Z"}}, {"model": "courses.lesson", "pk": 8, "fields": {"module": 5, "title": "Building Rapport and Trust with Prospects", "description": "", "video_url": "https://youtu.be/xMOGd1eS31A?list=PLEmTTOfet46PvAsPpWByNgUWZ5dLJd_I4", "order": 3, "duration_minutes": 6, "created_at": "2025-07-25T17:06:46.572Z"}}, {"model": "courses.lesson", "pk": 9, "fields": {"module": 6, "title": "Crafting Compelling Sales Presentations", "description": "", "video_url": "https://youtu.be/fACos5OzZrc?list=PLEmTTOfet46PvAsPpWByNgUWZ5dLJd_I4", "order": 1, "duration_minutes": 10, "created_at": "2025-07-25T17:08:00.094Z"}}, {"model": "courses.lesson", "pk": 10, "fields": {"module": 6, "title": "Handling Common Objections with Confidence", "description": "", "video_url": "https://youtu.be/3rndP2mlJWw?list=PLEmTTOfet46PvAsPpWByNgUWZ5dLJd_I4", "order": 2, "duration_minutes": 22, "created_at": "2025-07-25T17:08:27.209Z"}}, {"model": "courses.lesson", "pk": 11, "fields": {"module": 7, "title": "Closing and Follow-up", "description": "", "video_url": "https://youtu.be/EyFfGo9-4I4?list=PLEmTTOfet46PvAsPpWByNgUWZ5dLJd_I4", "order": 1, "duration_minutes": 5, "created_at": "2025-07-25T17:09:12.984Z"}}, {"model": "courses.lesson", "pk": 12, "fields": {"module": 7, "title": "Creating Urgency Without Pressure", "description": "", "video_url": "https://youtu.be/7vNwnR5ue2k?list=PLEmTTOfet46PvAsPpWByNgUWZ5dLJd_I4", "order": 2, "duration_minutes": 6, "created_at": "2025-07-25T17:09:52.506Z"}}, {"model": "courses.lesson", "pk": 13, "fields": {"module": 7, "title": "Follow-up Systems for Long-term Success", "description": "", "video_url": "https://youtu.be/4Xbq_-i7Mlk?list=PLEmTTOfet46PvAsPpWByNgUWZ5dLJd_I4", "order": 3, "duration_minutes": 9, "created_at": "2025-07-25T17:10:20.070Z"}}, {"model": "courses.lesson", "pk": 14, "fields": {"module": 8, "title": "Enterprise Design Patterns and Code Organization", "description": "", "video_url": "https://youtu.be/M9DoUszVCFc?list=PL0b6OzIxLPbz7JK_YYrRJ1KxlGG4diZHJ", "order": 0, "duration_minutes": 23, "created_at": "2025-07-25T19:12:27.698Z"}}, {"model": "courses.lesson", "pk": 15, "fields": {"module": 8, "title": "Building Scalable Application Architecture", "description": "", "video_url": "https://youtu.be/M9DoUszVCFc?list=PL0b6OzIxLPbz7JK_YYrRJ1KxlGG4diZHJ", "order": 0, "duration_minutes": 35, "created_at": "2025-07-25T19:12:48.320Z"}}, {"model": "courses.lesson", "pk": 16, "fields": {"module": 9, "title": "Database Query Optimization and Indexing Strategies", "description": "", "video_url": "https://youtu.be/M9DoUszVCFc?list=PL0b6OzIxLPbz7JK_YYrRJ1KxlGG4diZHJ", "order": 0, "duration_minutes": 55, "created_at": "2025-07-25T19:13:22.874Z"}}, {"model": "courses.lesson", "pk": 17, "fields": {"module": 9, "title": "Caching Systems and Redis Integration", "description": "", "video_url": "https://youtu.be/M9DoUszVCFc?list=PL0b6OzIxLPbz7JK_YYrRJ1KxlGG4diZHJ", "order": 0, "duration_minutes": 50, "created_at": "2025-07-25T19:13:45.249Z"}}, {"model": "courses.lesson", "pk": 18, "fields": {"module": 9, "title": "Load Testing and Performance Monitoring", "description": "", "video_url": "https://youtu.be/M9DoUszVCFc?list=PL0b6OzIxLPbz7JK_YYrRJ1KxlGG4diZHJ", "order": 0, "duration_minutes": 31, "created_at": "2025-07-25T19:14:06.148Z"}}, {"model": "courses.lesson", "pk": 19, "fields": {"module": 10, "title": "CI/CD Pipelines and Automated Deployment Strategies", "description": "", "video_url": "https://youtu.be/M9DoUszVCFc?list=PL0b6OzIxLPbz7JK_YYrRJ1KxlGG4diZHJ", "order": 0, "duration_minutes": 26, "created_at": "2025-07-25T19:14:26.384Z"}}, {"model": "courses.lesson", "pk": 20, "fields": {"module": 11, "title": "Introduction to Interface", "description": "", "video_url": "https://youtu.be/C0t1bMhKZ0Q?list=PLgGbWId6zgaVUW5oKfqg6v-SihBo50dmB", "order": 0, "duration_minutes": 12, "created_at": "2025-07-27T06:54:08.102Z"}}, {"model": "courses.lesson", "pk": 21, "fields": {"module": 11, "title": "Understanding Vector vs Raster", "description": "", "video_url": "https://youtu.be/o387QrWe2_0?list=PLgGbWId6zgaVUW5oKfqg6v-SihBo50dmB", "order": 0, "duration_minutes": 26, "created_at": "2025-07-27T06:54:37.649Z"}}, {"model": "courses.lesson", "pk": 22, "fields": {"module": 12, "title": "Working with Shapes & Colors", "description": "", "video_url": "https://youtu.be/C0t1bMhKZ0Q?list=PLgGbWId6zgaVUW5oKfqg6v-SihBo50dmB", "order": 0, "duration_minutes": 36, "created_at": "2025-07-27T06:56:59.194Z"}}, {"model": "courses.lesson", "pk": 23, "fields": {"module": 12, "title": "Using Pen Tool & Layers", "description": "", "video_url": "https://youtu.be/APzkcH27HY0?list=PLgGbWId6zgaVUW5oKfqg6v-SihBo50dmB", "order": 0, "duration_minutes": 49, "created_at": "2025-07-27T06:57:44.991Z"}}, {"model": "courses.lesson", "pk": 24, "fields": {"module": 13, "title": "Creating Text Effects", "description": "", "video_url": "https://youtu.be/o387QrWe2_0?list=PLgGbWId6zgaVUW5oKfqg6v-SihBo50dmB", "order": 0, "duration_minutes": 51, "created_at": "2025-07-27T06:58:06.230Z"}}, {"model": "courses.lesson", "pk": 25, "fields": {"module": 14, "title": "Logo Design", "description": "", "video_url": "https://youtu.be/o387QrWe2_0?list=PLgGbWId6zgaVUW5oKfqg6v-SihBo50dmB", "order": 0, "duration_minutes": 76, "created_at": "2025-07-27T06:59:13.157Z"}}, {"model": "courses.lesson", "pk": 26, "fields": {"module": 14, "title": "Icon Set Creation", "description": "", "video_url": "https://youtu.be/YycxaAK2MZ4?list=PLgGbWId6zgaVUW5oKfqg6v-SihBo50dmB", "order": 0, "duration_minutes": 128, "created_at": "2025-07-27T06:59:44.095Z"}}, {"model": "courses.lesson", "pk": 27, "fields": {"module": 14, "title": "Exporting for Web & Print", "description": "", "video_url": "https://youtu.be/APzkcH27HY0?list=PLgGbWId6zgaVUW5oKfqg6v-SihBo50dmB", "order": 0, "duration_minutes": 34, "created_at": "2025-07-27T07:00:06.584Z"}}, {"model": "courses.lesson", "pk": 28, "fields": {"module": 15, "title": "Introduction & Interface Overview", "description": "", "video_url": "https://youtu.be/SkoBdrBlvEw?list=PLgGbWId6zgaVUW5oKfqg6v-SihBo50dmB", "order": 0, "duration_minutes": 16, "created_at": "2025-07-27T07:15:57.722Z"}}, {"model": "courses.lesson", "pk": 29, "fields": {"module": 15, "title": "Customizing Templates", "description": "", "video_url": "https://youtu.be/w25e11dd30Q?list=PLgGbWId6zgaVUW5oKfqg6v-SihBo50dmB", "order": 0, "duration_minutes": 59, "created_at": "2025-07-27T07:16:29.919Z"}}, {"model": "courses.lesson", "pk": 30, "fields": {"module": 16, "title": "Working with Text & Fonts", "description": "Learn how to use various types of texts, fonts and how to make your design more lively.", "video_url": "https://youtu.be/8bNsK3r-IR4?list=PLgGbWId6zgaVUW5oKfqg6v-SihBo50dmB", "order": 0, "duration_minutes": 26, "created_at": "2025-07-27T07:17:34.517Z"}}, {"model": "courses.lesson", "pk": 31, "fields": {"module": 16, "title": "Using Images, Icons & Colors", "description": "", "video_url": "https://youtu.be/SkoBdrBlvEw?list=PLgGbWId6zgaVUW5oKfqg6v-SihBo50dmB", "order": 0, "duration_minutes": 24, "created_at": "2025-07-27T07:18:10.740Z"}}, {"model": "courses.lesson", "pk": 32, "fields": {"module": 17, "title": "Creating Social Media Graphics", "description": "", "video_url": "https://youtu.be/SkoBdrBlvEw?list=PLgGbWId6zgaVUW5oKfqg6v-SihBo50dmB", "order": 0, "duration_minutes": 112, "created_at": "2025-07-27T07:18:56.231Z"}}, {"model": "courses.lesson", "pk": 33, "fields": {"module": 17, "title": "Designing a Business Flyer", "description": "", "video_url": "https://youtu.be/YycxaAK2MZ4?list=PLgGbWId6zgaVUW5oKfqg6v-SihBo50dmB", "order": 0, "duration_minutes": 39, "created_at": "2025-07-27T07:19:18.970Z"}}, {"model": "courses.lesson", "pk": 34, "fields": {"module": 18, "title": "Fast I/O & Python Setup for Contests", "description": "", "video_url": "https://youtu.be/7IWOYhfAcVg?list=PLu0W_9lII9agwh1XjRt242xIpHhPT2llg", "order": 0, "duration_minutes": 14, "created_at": "2025-07-27T07:32:04.806Z"}}, {"model": "courses.lesson", "pk": 35, "fields": {"module": 19, "title": "Two Pointers, Sliding Window", "description": "", "video_url": "https://youtu.be/7IWOYhfAcVg?list=PLu0W_9lII9agwh1XjRt242xIpHhPT2llg", "order": 0, "duration_minutes": 72, "created_at": "2025-07-27T07:32:41.776Z"}}, {"model": "courses.lesson", "pk": 36, "fields": {"module": 19, "title": "Greedy & Basic Recursion", "description": "", "video_url": "https://youtu.be/7IWOYhfAcVg?list=PLu0W_9lII9agwh1XjRt242xIpHhPT2llg", "order": 0, "duration_minutes": 61, "created_at": "2025-07-27T07:33:03.815Z"}}, {"model": "courses.lesson", "pk": 37, "fields": {"module": 20, "title": "Binary Search & Sorting Tricks", "description": "", "video_url": "https://youtu.be/7IWOYhfAcVg?list=PLu0W_9lII9agwh1XjRt242xIpHhPT2llg", "order": 0, "duration_minutes": 44, "created_at": "2025-07-27T07:33:20.081Z"}}, {"model": "courses.lesson", "pk": 38, "fields": {"module": 20, "title": "Practice Set: 10 Timed Problems", "description": "", "video_url": "https://youtu.be/7IWOYhfAcVg?list=PLu0W_9lII9agwh1XjRt242xIpHhPT2llg", "order": 0, "duration_minutes": 59, "created_at": "2025-07-27T07:33:39.083Z"}}, {"model": "courses.lesson", "pk": 39, "fields": {"module": 3, "title": "Finally, how to learn more about IPE", "description": "", "video_url": "https://youtu.be/7IWOYhfAcVg?list=PLu0W_9lII9agwh1XjRt242xIpHhPT2llg", "order": 3, "duration_minutes": 7, "created_at": "2025-07-27T08:56:19.758Z"}}, {"model": "courses.lesson", "pk": 40, "fields": {"module": 21, "title": "Introduction & Setting Up the Compiler", "description": "", "video_url": "https://youtu.be/fIYVzKp0q5w?list=PLu0W_9lII9agwh1XjRt242xIpHhPT2llg", "order": 0, "duration_minutes": 17, "created_at": "2025-07-27T10:07:20.042Z"}}, {"model": "courses.lesson", "pk": 41, "fields": {"module": 21, "title": "Variables, Data Types, and Input/Output", "description": "", "video_url": "https://youtu.be/RkwJnjdrm70?list=PLu0W_9lII9agwh1XjRt242xIpHhPT2llg", "order": 0, "duration_minutes": 29, "created_at": "2025-07-27T10:07:45.968Z"}}, {"model": "courses.lesson", "pk": 42, "fields": {"module": 21, "title": "Conditional Statements & Loops", "description": "", "video_url": "https://youtu.be/PipsOUDKrVk?list=PLu0W_9lII9agwh1XjRt242xIpHhPT2llg", "order": 0, "duration_minutes": 28, "created_at": "2025-07-27T10:08:07.910Z"}}, {"model": "courses.lesson", "pk": 43, "fields": {"module": 22, "title": "Functions and Code Structure", "description": "", "video_url": "https://youtu.be/RkwJnjdrm70?list=PLu0W_9lII9agwh1XjRt242xIpHhPT2llg", "order": 0, "duration_minutes": 78, "created_at": "2025-07-27T10:08:27.326Z"}}, {"model": "courses.lesson", "pk": 44, "fields": {"module": 22, "title": "Introduction to OOP and Classes in C++", "description": "", "video_url": "https://youtu.be/fIYVzKp0q5w?list=PLu0W_9lII9agwh1XjRt242xIpHhPT2llg", "order": 0, "duration_minutes": 22, "created_at": "2025-07-27T10:08:45.445Z"}}, {"model": "courses.lesson", "pk": 45, "fields": {"module": 23, "title": "Understanding Your Audience & Goals", "description": "", "video_url": "https://youtu.be/bixR-KIJKYM?list=PLEiEAq2VkUULa5aOQmO_al2VVmhC-eqeI", "order": 0, "duration_minutes": 11, "created_at": "2025-07-27T10:14:28.908Z"}}, {"model": "courses.lesson", "pk": 46, "fields": {"module": 23, "title": "Content Types & Planning Your Calendar", "description": "", "video_url": "https://youtu.be/bixR-KIJKYM?list=PLEiEAq2VkUULa5aOQmO_al2VVmhC-eqeI", "order": 0, "duration_minutes": 18, "created_at": "2025-07-27T10:14:46.588Z"}}, {"model": "courses.lesson", "pk": 47, "fields": {"module": 24, "title": "SEO & Distribution Tactics", "description": "", "video_url": "https://youtu.be/bixR-KIJKYM?list=PLEiEAq2VkUULa5aOQmO_al2VVmhC-eqeI", "order": 0, "duration_minutes": 25, "created_at": "2025-07-27T10:15:03.597Z"}}, {"model": "courses.lesson", "pk": 48, "fields": {"module": 24, "title": "Analytics & Iterating for Growth", "description": "", "video_url": "https://youtu.be/bixR-KIJKYM?list=PLEiEAq2VkUULa5aOQmO_al2VVmhC-eqeI", "order": 0, "duration_minutes": 33, "created_at": "2025-07-27T10:15:19.755Z"}}, {"model": "courses.lessonprogress", "pk": 1, "fields": {"enrollment": 1, "lesson": 1, "completed": true, "completed_at": "2025-07-25T16:20:36.858Z"}}, {"model": "courses.lessonprogress", "pk": 2, "fields": {"enrollment": 1, "lesson": 2, "completed": true, "completed_at": "2025-07-25T16:20:48.217Z"}}, {"model": "courses.lessonprogress", "pk": 3, "fields": {"enrollment": 1, "lesson": 3, "completed": true, "completed_at": "2025-07-25T16:37:34.899Z"}}, {"model": "courses.lessonprogress", "pk": 4, "fields": {"enrollment": 1, "lesson": 4, "completed": true, "completed_at": "2025-07-25T16:37:52.106Z"}}, {"model": "courses.lessonprogress", "pk": 5, "fields": {"enrollment": 2, "lesson": 14, "completed": true, "completed_at": "2025-07-25T20:37:50.534Z"}}, {"model": "courses.lessonprogress", "pk": 6, "fields": {"enrollment": 2, "lesson": 15, "completed": true, "completed_at": "2025-07-27T08:58:02.328Z"}}, {"model": "courses.lessonprogress", "pk": 7, "fields": {"enrollment": 2, "lesson": 16, "completed": false, "completed_at": null}}, {"model": "courses.lessonprogress", "pk": 8, "fields": {"enrollment": 2, "lesson": 17, "completed": true, "completed_at": "2025-07-27T08:58:08.537Z"}}, {"model": "courses.lessonprogress", "pk": 9, "fields": {"enrollment": 2, "lesson": 18, "completed": false, "completed_at": null}}, {"model": "courses.lessonprogress", "pk": 10, "fields": {"enrollment": 2, "lesson": 19, "completed": false, "completed_at": null}}, {"model": "courses.lessonprogress", "pk": 11, "fields": {"enrollment": 3, "lesson": 1, "completed": true, "completed_at": "2025-07-26T15:48:45.375Z"}}, {"model": "courses.lessonprogress", "pk": 12, "fields": {"enrollment": 3, "lesson": 2, "completed": true, "completed_at": "2025-07-26T15:48:58.121Z"}}, {"model": "courses.lessonprogress", "pk": 13, "fields": {"enrollment": 3, "lesson": 3, "completed": true, "completed_at": "2025-07-26T15:49:02.223Z"}}, {"model": "courses.lessonprogress", "pk": 14, "fields": {"enrollment": 3, "lesson": 4, "completed": true, "completed_at": "2025-07-26T15:49:04.995Z"}}, {"model": "courses.lessonprogress", "pk": 15, "fields": {"enrollment": 4, "lesson": 1, "completed": true, "completed_at": "2025-07-26T16:21:36.887Z"}}, {"model": "courses.lessonprogress", "pk": 16, "fields": {"enrollment": 4, "lesson": 2, "completed": true, "completed_at": "2025-07-26T16:21:39.680Z"}}, {"model": "courses.lessonprogress", "pk": 17, "fields": {"enrollment": 4, "lesson": 3, "completed": true, "completed_at": "2025-07-26T16:21:51.312Z"}}, {"model": "courses.lessonprogress", "pk": 18, "fields": {"enrollment": 4, "lesson": 4, "completed": false, "completed_at": null}}, {"model": "courses.lessonprogress", "pk": 19, "fields": {"enrollment": 5, "lesson": 5, "completed": true, "completed_at": "2025-07-26T17:11:06.124Z"}}, {"model": "courses.lessonprogress", "pk": 20, "fields": {"enrollment": 5, "lesson": 6, "completed": false, "completed_at": null}}, {"model": "courses.lessonprogress", "pk": 21, "fields": {"enrollment": 5, "lesson": 7, "completed": false, "completed_at": null}}, {"model": "courses.lessonprogress", "pk": 22, "fields": {"enrollment": 5, "lesson": 8, "completed": false, "completed_at": null}}, {"model": "courses.lessonprogress", "pk": 23, "fields": {"enrollment": 5, "lesson": 9, "completed": false, "completed_at": null}}, {"model": "courses.lessonprogress", "pk": 24, "fields": {"enrollment": 5, "lesson": 10, "completed": true, "completed_at": "2025-07-26T17:11:20.321Z"}}, {"model": "courses.lessonprogress", "pk": 25, "fields": {"enrollment": 5, "lesson": 11, "completed": false, "completed_at": null}}, {"model": "courses.lessonprogress", "pk": 26, "fields": {"enrollment": 5, "lesson": 12, "completed": false, "completed_at": null}}, {"model": "courses.lessonprogress", "pk": 27, "fields": {"enrollment": 5, "lesson": 13, "completed": true, "completed_at": "2025-07-26T17:11:33.568Z"}}, {"model": "courses.lessonprogress", "pk": 28, "fields": {"enrollment": 6, "lesson": 5, "completed": true, "completed_at": "2025-07-26T17:26:58.022Z"}}, {"model": "courses.lessonprogress", "pk": 29, "fields": {"enrollment": 6, "lesson": 6, "completed": false, "completed_at": null}}, {"model": "courses.lessonprogress", "pk": 30, "fields": {"enrollment": 6, "lesson": 7, "completed": false, "completed_at": null}}, {"model": "courses.lessonprogress", "pk": 31, "fields": {"enrollment": 6, "lesson": 8, "completed": false, "completed_at": null}}, {"model": "courses.lessonprogress", "pk": 32, "fields": {"enrollment": 6, "lesson": 9, "completed": false, "completed_at": null}}, {"model": "courses.lessonprogress", "pk": 33, "fields": {"enrollment": 6, "lesson": 10, "completed": false, "completed_at": null}}, {"model": "courses.lessonprogress", "pk": 34, "fields": {"enrollment": 6, "lesson": 11, "completed": false, "completed_at": null}}, {"model": "courses.lessonprogress", "pk": 35, "fields": {"enrollment": 6, "lesson": 12, "completed": false, "completed_at": null}}, {"model": "courses.lessonprogress", "pk": 36, "fields": {"enrollment": 6, "lesson": 13, "completed": false, "completed_at": null}}, {"model": "courses.lessonprogress", "pk": 37, "fields": {"enrollment": 7, "lesson": 14, "completed": true, "completed_at": "2025-07-26T17:31:33.915Z"}}, {"model": "courses.lessonprogress", "pk": 38, "fields": {"enrollment": 7, "lesson": 15, "completed": false, "completed_at": null}}, {"model": "courses.lessonprogress", "pk": 39, "fields": {"enrollment": 7, "lesson": 16, "completed": false, "completed_at": null}}, {"model": "courses.lessonprogress", "pk": 40, "fields": {"enrollment": 7, "lesson": 17, "completed": false, "completed_at": null}}, {"model": "courses.lessonprogress", "pk": 41, "fields": {"enrollment": 7, "lesson": 18, "completed": true, "completed_at": "2025-07-26T17:31:40.814Z"}}, {"model": "courses.lessonprogress", "pk": 42, "fields": {"enrollment": 7, "lesson": 19, "completed": true, "completed_at": "2025-07-26T17:31:45.907Z"}}, {"model": "courses.lessonprogress", "pk": 43, "fields": {"enrollment": 8, "lesson": 34, "completed": true, "completed_at": "2025-07-27T08:38:29.206Z"}}, {"model": "courses.lessonprogress", "pk": 44, "fields": {"enrollment": 8, "lesson": 35, "completed": true, "completed_at": "2025-07-27T08:38:31.245Z"}}, {"model": "courses.lessonprogress", "pk": 45, "fields": {"enrollment": 8, "lesson": 36, "completed": true, "completed_at": "2025-07-27T08:38:33.042Z"}}, {"model": "courses.lessonprogress", "pk": 46, "fields": {"enrollment": 8, "lesson": 37, "completed": true, "completed_at": "2025-07-27T08:38:35.263Z"}}, {"model": "courses.lessonprogress", "pk": 47, "fields": {"enrollment": 8, "lesson": 38, "completed": true, "completed_at": "2025-07-27T08:38:37.110Z"}}, {"model": "courses.lessonprogress", "pk": 48, "fields": {"enrollment": 9, "lesson": 28, "completed": true, "completed_at": "2025-07-27T08:40:14.888Z"}}, {"model": "courses.lessonprogress", "pk": 49, "fields": {"enrollment": 9, "lesson": 29, "completed": true, "completed_at": "2025-07-27T08:40:16.529Z"}}, {"model": "courses.lessonprogress", "pk": 50, "fields": {"enrollment": 9, "lesson": 30, "completed": false, "completed_at": null}}, {"model": "courses.lessonprogress", "pk": 51, "fields": {"enrollment": 9, "lesson": 31, "completed": false, "completed_at": null}}, {"model": "courses.lessonprogress", "pk": 52, "fields": {"enrollment": 9, "lesson": 32, "completed": true, "completed_at": "2025-07-27T08:40:23.007Z"}}, {"model": "courses.lessonprogress", "pk": 53, "fields": {"enrollment": 9, "lesson": 33, "completed": true, "completed_at": "2025-07-27T08:40:25.228Z"}}, {"model": "courses.lessonprogress", "pk": 54, "fields": {"enrollment": 10, "lesson": 1, "completed": true, "completed_at": "2025-07-27T08:53:05.516Z"}}, {"model": "courses.lessonprogress", "pk": 55, "fields": {"enrollment": 10, "lesson": 2, "completed": true, "completed_at": "2025-07-27T08:53:07.608Z"}}, {"model": "courses.lessonprogress", "pk": 56, "fields": {"enrollment": 10, "lesson": 3, "completed": false, "completed_at": null}}, {"model": "courses.lessonprogress", "pk": 57, "fields": {"enrollment": 10, "lesson": 4, "completed": false, "completed_at": null}}, {"model": "courses.lessonprogress", "pk": 58, "fields": {"enrollment": 1, "lesson": 39, "completed": true, "completed_at": "2025-07-27T08:57:43.616Z"}}, {"model": "courses.lessonprogress", "pk": 59, "fields": {"enrollment": 11, "lesson": 34, "completed": true, "completed_at": "2025-07-27T09:01:14.937Z"}}, {"model": "courses.lessonprogress", "pk": 60, "fields": {"enrollment": 11, "lesson": 35, "completed": true, "completed_at": "2025-07-27T09:01:29.388Z"}}, {"model": "courses.lessonprogress", "pk": 61, "fields": {"enrollment": 11, "lesson": 36, "completed": true, "completed_at": "2025-07-27T09:01:30.923Z"}}, {"model": "courses.lessonprogress", "pk": 62, "fields": {"enrollment": 11, "lesson": 37, "completed": true, "completed_at": "2025-07-27T09:01:33.912Z"}}, {"model": "courses.lessonprogress", "pk": 63, "fields": {"enrollment": 11, "lesson": 38, "completed": true, "completed_at": "2025-07-27T09:01:35.277Z"}}, {"model": "courses.lessonprogress", "pk": 64, "fields": {"enrollment": 3, "lesson": 39, "completed": true, "completed_at": "2025-07-27T09:11:02.624Z"}}, {"model": "courses.lessonprogress", "pk": 65, "fields": {"enrollment": 12, "lesson": 34, "completed": true, "completed_at": "2025-07-27T09:13:12.277Z"}}, {"model": "courses.lessonprogress", "pk": 66, "fields": {"enrollment": 12, "lesson": 35, "completed": true, "completed_at": "2025-07-27T09:13:13.762Z"}}, {"model": "courses.lessonprogress", "pk": 67, "fields": {"enrollment": 12, "lesson": 36, "completed": true, "completed_at": "2025-07-27T09:13:15.313Z"}}, {"model": "courses.lessonprogress", "pk": 68, "fields": {"enrollment": 12, "lesson": 37, "completed": false, "completed_at": null}}, {"model": "courses.lessonprogress", "pk": 69, "fields": {"enrollment": 12, "lesson": 38, "completed": false, "completed_at": null}}, {"model": "courses.lessonprogress", "pk": 70, "fields": {"enrollment": 13, "lesson": 14, "completed": true, "completed_at": "2025-07-27T09:15:37.086Z"}}, {"model": "courses.lessonprogress", "pk": 71, "fields": {"enrollment": 13, "lesson": 15, "completed": true, "completed_at": "2025-07-27T09:15:40.075Z"}}, {"model": "courses.lessonprogress", "pk": 72, "fields": {"enrollment": 13, "lesson": 16, "completed": true, "completed_at": "2025-07-27T09:15:41.743Z"}}, {"model": "courses.lessonprogress", "pk": 73, "fields": {"enrollment": 13, "lesson": 17, "completed": true, "completed_at": "2025-07-27T09:15:42.962Z"}}, {"model": "courses.lessonprogress", "pk": 74, "fields": {"enrollment": 13, "lesson": 18, "completed": true, "completed_at": "2025-07-27T09:15:44.079Z"}}, {"model": "courses.lessonprogress", "pk": 75, "fields": {"enrollment": 13, "lesson": 19, "completed": true, "completed_at": "2025-07-27T09:15:45.586Z"}}, {"model": "courses.lessonprogress", "pk": 76, "fields": {"enrollment": 14, "lesson": 34, "completed": true, "completed_at": "2025-07-27T09:19:16.016Z"}}, {"model": "courses.lessonprogress", "pk": 77, "fields": {"enrollment": 14, "lesson": 35, "completed": true, "completed_at": "2025-07-27T09:19:22.148Z"}}, {"model": "courses.lessonprogress", "pk": 78, "fields": {"enrollment": 14, "lesson": 36, "completed": true, "completed_at": "2025-07-27T09:19:23.432Z"}}, {"model": "courses.lessonprogress", "pk": 79, "fields": {"enrollment": 14, "lesson": 37, "completed": true, "completed_at": "2025-07-27T09:19:24.552Z"}}, {"model": "courses.lessonprogress", "pk": 80, "fields": {"enrollment": 14, "lesson": 38, "completed": true, "completed_at": "2025-07-27T09:19:32.285Z"}}, {"model": "courses.lessonprogress", "pk": 81, "fields": {"enrollment": 15, "lesson": 14, "completed": true, "completed_at": "2025-07-27T09:22:08.713Z"}}, {"model": "courses.lessonprogress", "pk": 82, "fields": {"enrollment": 15, "lesson": 15, "completed": true, "completed_at": "2025-07-27T09:22:10.082Z"}}, {"model": "courses.lessonprogress", "pk": 83, "fields": {"enrollment": 15, "lesson": 16, "completed": true, "completed_at": "2025-07-27T09:22:11.369Z"}}, {"model": "courses.lessonprogress", "pk": 84, "fields": {"enrollment": 15, "lesson": 17, "completed": true, "completed_at": "2025-07-27T09:22:12.555Z"}}, {"model": "courses.lessonprogress", "pk": 85, "fields": {"enrollment": 15, "lesson": 18, "completed": true, "completed_at": "2025-07-27T09:22:13.971Z"}}, {"model": "courses.lessonprogress", "pk": 86, "fields": {"enrollment": 15, "lesson": 19, "completed": true, "completed_at": "2025-07-27T09:22:15.386Z"}}, {"model": "courses.lessonprogress", "pk": 87, "fields": {"enrollment": 16, "lesson": 28, "completed": true, "completed_at": "2025-07-27T09:27:32.005Z"}}, {"model": "courses.lessonprogress", "pk": 88, "fields": {"enrollment": 16, "lesson": 29, "completed": true, "completed_at": "2025-07-27T09:27:33.223Z"}}, {"model": "courses.lessonprogress", "pk": 89, "fields": {"enrollment": 16, "lesson": 30, "completed": true, "completed_at": "2025-07-27T09:27:35.161Z"}}, {"model": "courses.lessonprogress", "pk": 90, "fields": {"enrollment": 16, "lesson": 31, "completed": true, "completed_at": "2025-07-27T09:27:36.711Z"}}, {"model": "courses.lessonprogress", "pk": 91, "fields": {"enrollment": 16, "lesson": 32, "completed": true, "completed_at": "2025-07-27T09:27:38.029Z"}}, {"model": "courses.lessonprogress", "pk": 92, "fields": {"enrollment": 16, "lesson": 33, "completed": true, "completed_at": "2025-07-27T09:27:39.094Z"}}, {"model": "courses.lessonprogress", "pk": 93, "fields": {"enrollment": 10, "lesson": 39, "completed": false, "completed_at": null}}, {"model": "courses.lessonprogress", "pk": 94, "fields": {"enrollment": 17, "lesson": 20, "completed": true, "completed_at": "2025-07-27T09:31:38.869Z"}}, {"model": "courses.lessonprogress", "pk": 95, "fields": {"enrollment": 17, "lesson": 21, "completed": true, "completed_at": "2025-07-27T09:31:40.187Z"}}, {"model": "courses.lessonprogress", "pk": 96, "fields": {"enrollment": 17, "lesson": 22, "completed": true, "completed_at": "2025-07-27T09:31:41.496Z"}}, {"model": "courses.lessonprogress", "pk": 97, "fields": {"enrollment": 17, "lesson": 23, "completed": true, "completed_at": "2025-07-27T09:31:42.829Z"}}, {"model": "courses.lessonprogress", "pk": 98, "fields": {"enrollment": 17, "lesson": 24, "completed": true, "completed_at": "2025-07-27T09:31:44.292Z"}}, {"model": "courses.lessonprogress", "pk": 99, "fields": {"enrollment": 17, "lesson": 25, "completed": true, "completed_at": "2025-07-27T09:31:45.745Z"}}, {"model": "courses.lessonprogress", "pk": 100, "fields": {"enrollment": 17, "lesson": 26, "completed": true, "completed_at": "2025-07-27T09:31:47.262Z"}}, {"model": "courses.lessonprogress", "pk": 101, "fields": {"enrollment": 17, "lesson": 27, "completed": true, "completed_at": "2025-07-27T09:31:48.828Z"}}, {"model": "courses.lessonprogress", "pk": 102, "fields": {"enrollment": 18, "lesson": 34, "completed": true, "completed_at": "2025-07-27T09:40:49.472Z"}}, {"model": "courses.lessonprogress", "pk": 103, "fields": {"enrollment": 18, "lesson": 35, "completed": true, "completed_at": "2025-07-27T09:40:51.088Z"}}, {"model": "courses.lessonprogress", "pk": 104, "fields": {"enrollment": 18, "lesson": 36, "completed": true, "completed_at": "2025-07-27T09:40:52.106Z"}}, {"model": "courses.lessonprogress", "pk": 105, "fields": {"enrollment": 18, "lesson": 37, "completed": true, "completed_at": "2025-07-27T09:40:53.207Z"}}, {"model": "courses.lessonprogress", "pk": 106, "fields": {"enrollment": 18, "lesson": 38, "completed": true, "completed_at": "2025-07-27T09:40:54.291Z"}}, {"model": "courses.lessonprogress", "pk": 107, "fields": {"enrollment": 19, "lesson": 34, "completed": true, "completed_at": "2025-07-27T09:44:39.651Z"}}, {"model": "courses.lessonprogress", "pk": 108, "fields": {"enrollment": 19, "lesson": 35, "completed": true, "completed_at": "2025-07-27T09:44:41.070Z"}}, {"model": "courses.lessonprogress", "pk": 109, "fields": {"enrollment": 19, "lesson": 36, "completed": true, "completed_at": "2025-07-27T09:44:42.340Z"}}, {"model": "courses.lessonprogress", "pk": 110, "fields": {"enrollment": 19, "lesson": 37, "completed": true, "completed_at": "2025-07-27T09:44:44.026Z"}}, {"model": "courses.lessonprogress", "pk": 111, "fields": {"enrollment": 19, "lesson": 38, "completed": false, "completed_at": null}}, {"model": "courses.lessonprogress", "pk": 112, "fields": {"enrollment": 20, "lesson": 45, "completed": true, "completed_at": "2025-07-27T10:16:17.504Z"}}, {"model": "courses.lessonprogress", "pk": 113, "fields": {"enrollment": 20, "lesson": 46, "completed": true, "completed_at": "2025-07-27T10:16:18.839Z"}}, {"model": "courses.lessonprogress", "pk": 114, "fields": {"enrollment": 20, "lesson": 47, "completed": true, "completed_at": "2025-07-27T10:16:20.373Z"}}, {"model": "courses.lessonprogress", "pk": 115, "fields": {"enrollment": 20, "lesson": 48, "completed": true, "completed_at": "2025-07-27T10:16:21.678Z"}}, {"model": "courses.lessonprogress", "pk": 116, "fields": {"enrollment": 21, "lesson": 40, "completed": false, "completed_at": null}}, {"model": "courses.lessonprogress", "pk": 117, "fields": {"enrollment": 21, "lesson": 41, "completed": false, "completed_at": null}}, {"model": "courses.lessonprogress", "pk": 118, "fields": {"enrollment": 21, "lesson": 42, "completed": false, "completed_at": null}}, {"model": "courses.lessonprogress", "pk": 119, "fields": {"enrollment": 21, "lesson": 43, "completed": false, "completed_at": null}}, {"model": "courses.lessonprogress", "pk": 120, "fields": {"enrollment": 21, "lesson": 44, "completed": false, "completed_at": null}}, {"model": "courses.lessonprogress", "pk": 121, "fields": {"enrollment": 22, "lesson": 45, "completed": true, "completed_at": "2025-07-27T10:21:07.260Z"}}, {"model": "courses.lessonprogress", "pk": 122, "fields": {"enrollment": 22, "lesson": 46, "completed": true, "completed_at": "2025-07-27T10:21:08.345Z"}}, {"model": "courses.lessonprogress", "pk": 123, "fields": {"enrollment": 22, "lesson": 47, "completed": false, "completed_at": null}}, {"model": "courses.lessonprogress", "pk": 124, "fields": {"enrollment": 22, "lesson": 48, "completed": false, "completed_at": null}}, {"model": "courses.lessonprogress", "pk": 125, "fields": {"enrollment": 23, "lesson": 40, "completed": true, "completed_at": "2025-07-27T10:22:25.907Z"}}, {"model": "courses.lessonprogress", "pk": 126, "fields": {"enrollment": 23, "lesson": 41, "completed": true, "completed_at": "2025-07-27T10:22:27.291Z"}}, {"model": "courses.lessonprogress", "pk": 127, "fields": {"enrollment": 23, "lesson": 42, "completed": true, "completed_at": "2025-07-27T12:54:34.673Z"}}, {"model": "courses.lessonprogress", "pk": 128, "fields": {"enrollment": 23, "lesson": 43, "completed": true, "completed_at": "2025-07-27T12:54:40.243Z"}}, {"model": "courses.lessonprogress", "pk": 129, "fields": {"enrollment": 23, "lesson": 44, "completed": true, "completed_at": "2025-07-27T12:54:47.943Z"}}, {"model": "courses.lessonprogress", "pk": 130, "fields": {"enrollment": 24, "lesson": 28, "completed": true, "completed_at": "2025-07-27T10:24:39.856Z"}}, {"model": "courses.lessonprogress", "pk": 131, "fields": {"enrollment": 24, "lesson": 29, "completed": false, "completed_at": null}}, {"model": "courses.lessonprogress", "pk": 132, "fields": {"enrollment": 24, "lesson": 30, "completed": false, "completed_at": null}}, {"model": "courses.lessonprogress", "pk": 133, "fields": {"enrollment": 24, "lesson": 31, "completed": false, "completed_at": null}}, {"model": "courses.lessonprogress", "pk": 134, "fields": {"enrollment": 24, "lesson": 32, "completed": true, "completed_at": "2025-07-27T12:53:32.356Z"}}, {"model": "courses.lessonprogress", "pk": 135, "fields": {"enrollment": 24, "lesson": 33, "completed": false, "completed_at": null}}, {"model": "courses.lessonprogress", "pk": 136, "fields": {"enrollment": 4, "lesson": 39, "completed": false, "completed_at": null}}, {"model": "courses.lessonprogress", "pk": 137, "fields": {"enrollment": 25, "lesson": 40, "completed": true, "completed_at": "2025-07-27T18:53:49.006Z"}}, {"model": "courses.lessonprogress", "pk": 138, "fields": {"enrollment": 25, "lesson": 41, "completed": true, "completed_at": "2025-07-27T18:53:59.067Z"}}, {"model": "courses.lessonprogress", "pk": 139, "fields": {"enrollment": 25, "lesson": 42, "completed": true, "completed_at": "2025-07-27T18:57:17.571Z"}}, {"model": "courses.lessonprogress", "pk": 140, "fields": {"enrollment": 25, "lesson": 43, "completed": true, "completed_at": "2025-07-27T18:54:10.638Z"}}, {"model": "courses.lessonprogress", "pk": 141, "fields": {"enrollment": 25, "lesson": 44, "completed": true, "completed_at": "2025-07-27T18:57:24.560Z"}}, {"model": "courses.lessonprogress", "pk": 142, "fields": {"enrollment": 26, "lesson": 45, "completed": true, "completed_at": "2025-07-27T19:24:30.195Z"}}, {"model": "courses.lessonprogress", "pk": 143, "fields": {"enrollment": 26, "lesson": 46, "completed": true, "completed_at": "2025-07-27T19:24:31.804Z"}}, {"model": "courses.lessonprogress", "pk": 144, "fields": {"enrollment": 26, "lesson": 47, "completed": true, "completed_at": "2025-07-27T19:24:33.723Z"}}, {"model": "courses.lessonprogress", "pk": 145, "fields": {"enrollment": 26, "lesson": 48, "completed": true, "completed_at": "2025-07-27T19:24:35.134Z"}}, {"model": "courses.lessonprogress", "pk": 146, "fields": {"enrollment": 27, "lesson": 40, "completed": true, "completed_at": "2025-07-27T19:29:38.005Z"}}, {"model": "courses.lessonprogress", "pk": 147, "fields": {"enrollment": 27, "lesson": 41, "completed": true, "completed_at": "2025-07-27T19:29:40.998Z"}}, {"model": "courses.lessonprogress", "pk": 148, "fields": {"enrollment": 27, "lesson": 42, "completed": false, "completed_at": null}}, {"model": "courses.lessonprogress", "pk": 149, "fields": {"enrollment": 27, "lesson": 43, "completed": false, "completed_at": null}}, {"model": "courses.lessonprogress", "pk": 150, "fields": {"enrollment": 27, "lesson": 44, "completed": false, "completed_at": null}}, {"model": "courses.lessonprogress", "pk": 151, "fields": {"enrollment": 28, "lesson": 5, "completed": true, "completed_at": "2025-07-27T19:40:10.639Z"}}, {"model": "courses.lessonprogress", "pk": 152, "fields": {"enrollment": 28, "lesson": 6, "completed": true, "completed_at": "2025-07-27T19:40:15.546Z"}}, {"model": "courses.lessonprogress", "pk": 153, "fields": {"enrollment": 28, "lesson": 7, "completed": false, "completed_at": null}}, {"model": "courses.lessonprogress", "pk": 154, "fields": {"enrollment": 28, "lesson": 8, "completed": false, "completed_at": null}}, {"model": "courses.lessonprogress", "pk": 155, "fields": {"enrollment": 28, "lesson": 9, "completed": false, "completed_at": null}}, {"model": "courses.lessonprogress", "pk": 156, "fields": {"enrollment": 28, "lesson": 10, "completed": false, "completed_at": null}}, {"model": "courses.lessonprogress", "pk": 157, "fields": {"enrollment": 28, "lesson": 11, "completed": false, "completed_at": null}}, {"model": "courses.lessonprogress", "pk": 158, "fields": {"enrollment": 28, "lesson": 12, "completed": false, "completed_at": null}}, {"model": "courses.lessonprogress", "pk": 159, "fields": {"enrollment": 28, "lesson": 13, "completed": false, "completed_at": null}}, {"model": "auth.permission", "fields": {"name": "Can add log entry", "content_type": ["admin", "logentry"], "codename": "add_logentry"}}, {"model": "auth.permission", "fields": {"name": "Can change log entry", "content_type": ["admin", "logentry"], "codename": "change_logentry"}}, {"model": "auth.permission", "fields": {"name": "Can delete log entry", "content_type": ["admin", "logentry"], "codename": "delete_logentry"}}, {"model": "auth.permission", "fields": {"name": "Can view log entry", "content_type": ["admin", "logentry"], "codename": "view_logentry"}}, {"model": "auth.permission", "fields": {"name": "Can add permission", "content_type": ["auth", "permission"], "codename": "add_permission"}}, {"model": "auth.permission", "fields": {"name": "Can change permission", "content_type": ["auth", "permission"], "codename": "change_permission"}}, {"model": "auth.permission", "fields": {"name": "Can delete permission", "content_type": ["auth", "permission"], "codename": "delete_permission"}}, {"model": "auth.permission", "fields": {"name": "Can view permission", "content_type": ["auth", "permission"], "codename": "view_permission"}}, {"model": "auth.permission", "fields": {"name": "Can add group", "content_type": ["auth", "group"], "codename": "add_group"}}, {"model": "auth.permission", "fields": {"name": "Can change group", "content_type": ["auth", "group"], "codename": "change_group"}}, {"model": "auth.permission", "fields": {"name": "Can delete group", "content_type": ["auth", "group"], "codename": "delete_group"}}, {"model": "auth.permission", "fields": {"name": "Can view group", "content_type": ["auth", "group"], "codename": "view_group"}}, {"model": "auth.permission", "fields": {"name": "Can add content type", "content_type": ["contenttypes", "contenttype"], "codename": "add_contenttype"}}, {"model": "auth.permission", "fields": {"name": "Can change content type", "content_type": ["contenttypes", "contenttype"], "codename": "change_contenttype"}}, {"model": "auth.permission", "fields": {"name": "Can delete content type", "content_type": ["contenttypes", "contenttype"], "codename": "delete_contenttype"}}, {"model": "auth.permission", "fields": {"name": "Can view content type", "content_type": ["contenttypes", "contenttype"], "codename": "view_contenttype"}}, {"model": "auth.permission", "fields": {"name": "Can add session", "content_type": ["sessions", "session"], "codename": "add_session"}}, {"model": "auth.permission", "fields": {"name": "Can change session", "content_type": ["sessions", "session"], "codename": "change_session"}}, {"model": "auth.permission", "fields": {"name": "Can delete session", "content_type": ["sessions", "session"], "codename": "delete_session"}}, {"model": "auth.permission", "fields": {"name": "Can view session", "content_type": ["sessions", "session"], "codename": "view_session"}}, {"model": "auth.permission", "fields": {"name": "Can add user", "content_type": ["accounts", "user"], "codename": "add_user"}}, {"model": "auth.permission", "fields": {"name": "Can change user", "content_type": ["accounts", "user"], "codename": "change_user"}}, {"model": "auth.permission", "fields": {"name": "Can delete user", "content_type": ["accounts", "user"], "codename": "delete_user"}}, {"model": "auth.permission", "fields": {"name": "Can view user", "content_type": ["accounts", "user"], "codename": "view_user"}}, {"model": "auth.permission", "fields": {"name": "Can add enrollment", "content_type": ["courses", "enrollment"], "codename": "add_enrollment"}}, {"model": "auth.permission", "fields": {"name": "Can change enrollment", "content_type": ["courses", "enrollment"], "codename": "change_enrollment"}}, {"model": "auth.permission", "fields": {"name": "Can delete enrollment", "content_type": ["courses", "enrollment"], "codename": "delete_enrollment"}}, {"model": "auth.permission", "fields": {"name": "Can view enrollment", "content_type": ["courses", "enrollment"], "codename": "view_enrollment"}}, {"model": "auth.permission", "fields": {"name": "Can add lesson", "content_type": ["courses", "lesson"], "codename": "add_lesson"}}, {"model": "auth.permission", "fields": {"name": "Can change lesson", "content_type": ["courses", "lesson"], "codename": "change_lesson"}}, {"model": "auth.permission", "fields": {"name": "Can delete lesson", "content_type": ["courses", "lesson"], "codename": "delete_lesson"}}, {"model": "auth.permission", "fields": {"name": "Can view lesson", "content_type": ["courses", "lesson"], "codename": "view_lesson"}}, {"model": "auth.permission", "fields": {"name": "Can add course", "content_type": ["courses", "course"], "codename": "add_course"}}, {"model": "auth.permission", "fields": {"name": "Can change course", "content_type": ["courses", "course"], "codename": "change_course"}}, {"model": "auth.permission", "fields": {"name": "Can delete course", "content_type": ["courses", "course"], "codename": "delete_course"}}, {"model": "auth.permission", "fields": {"name": "Can view course", "content_type": ["courses", "course"], "codename": "view_course"}}, {"model": "auth.permission", "fields": {"name": "Can add category", "content_type": ["courses", "category"], "codename": "add_category"}}, {"model": "auth.permission", "fields": {"name": "Can change category", "content_type": ["courses", "category"], "codename": "change_category"}}, {"model": "auth.permission", "fields": {"name": "Can delete category", "content_type": ["courses", "category"], "codename": "delete_category"}}, {"model": "auth.permission", "fields": {"name": "Can view category", "content_type": ["courses", "category"], "codename": "view_category"}}, {"model": "auth.permission", "fields": {"name": "Can add module", "content_type": ["courses", "module"], "codename": "add_module"}}, {"model": "auth.permission", "fields": {"name": "Can change module", "content_type": ["courses", "module"], "codename": "change_module"}}, {"model": "auth.permission", "fields": {"name": "Can delete module", "content_type": ["courses", "module"], "codename": "delete_module"}}, {"model": "auth.permission", "fields": {"name": "Can view module", "content_type": ["courses", "module"], "codename": "view_module"}}, {"model": "auth.permission", "fields": {"name": "Can add lesson progress", "content_type": ["courses", "lessonprogress"], "codename": "add_lessonprogress"}}, {"model": "auth.permission", "fields": {"name": "Can change lesson progress", "content_type": ["courses", "lessonprogress"], "codename": "change_lessonprogress"}}, {"model": "auth.permission", "fields": {"name": "Can delete lesson progress", "content_type": ["courses", "lessonprogress"], "codename": "delete_lessonprogress"}}, {"model": "auth.permission", "fields": {"name": "Can view lesson progress", "content_type": ["courses", "lessonprogress"], "codename": "view_lessonprogress"}}, {"model": "auth.permission", "fields": {"name": "Can add review", "content_type": ["courses", "review"], "codename": "add_review"}}, {"model": "auth.permission", "fields": {"name": "Can change review", "content_type": ["courses", "review"], "codename": "change_review"}}, {"model": "auth.permission", "fields": {"name": "Can delete review", "content_type": ["courses", "review"], "codename": "delete_review"}}, {"model": "auth.permission", "fields": {"name": "Can view review", "content_type": ["courses", "review"], "codename": "view_review"}}, {"model": "auth.permission", "fields": {"name": "Can add payment", "content_type": ["payments", "payment"], "codename": "add_payment"}}, {"model": "auth.permission", "fields": {"name": "Can change payment", "content_type": ["payments", "payment"], "codename": "change_payment"}}, {"model": "auth.permission", "fields": {"name": "Can delete payment", "content_type": ["payments", "payment"], "codename": "delete_payment"}}, {"model": "auth.permission", "fields": {"name": "Can view payment", "content_type": ["payments", "payment"], "codename": "view_payment"}}, {"model": "accounts.user", "fields": {"password": "pbkdf2_sha256$1000000$EIk9geOI8EY6R1fIPdemxa$GkEhy/zXxW8MutMbS9JXE5cZFLqdPoADy/9OA4UHyJY=", "last_login": "2025-07-27T20:59:00.932Z", "is_superuser": true, "username": "RAC", "first_name": "Rahat Ahmed Chowdhury", "last_name": "RAC", "email": "rahat@gmail.com", "is_staff": true, "is_active": true, "role": "student", "bio": "", "profile_picture": "profile_pictures/WhatsApp_Image_2025-07-03_at_03.07.31_10fef47e.jpg", "date_joined": "2025-07-24T20:42:22.438Z", "groups": [], "user_permissions": []}}, {"model": "accounts.user", "fields": {"password": "pbkdf2_sha256$1000000$Uu8NuyH6pDf0ij14OdurS9$W+vXGnzOyLhWWEicaxQCPaX4aeSmj/YAwvCJ+qSdtwE=", "last_login": "2025-07-27T10:09:50.344Z", "is_superuser": false, "username": "sakib_ipe", "first_name": "Shahriar Hussain", "last_name": "Sakib", "email": "sakib_ipe@gmail.com", "is_staff": false, "is_active": true, "role": "tutor", "bio": "I am an energetic tutor with 5 years of experience. I am very playful and friendly with the students. I like football. And who's better than Neymar?", "profile_picture": "profile_pictures/portrait-joyful-young-man-white-shirt.jpg", "date_joined": "2025-07-25T09:14:53.924Z", "groups": [], "user_permissions": []}}, {"model": "accounts.user", "fields": {"password": "pbkdf2_sha256$1000000$JNKTntyyyvCiYIHEUdUp2q$wxlCrBVAkMlQ9RlW3oSfvh6qACQXdU95tWaMbbhpFyo=", "last_login": "2025-07-26T19:41:58Z", "is_superuser": false, "username": "rafi_mc@gmail.com", "first_name": "Mahmudul Hasan", "last_name": "Rafi", "email": "rafi_mc@gmail.com", "is_staff": false, "is_active": true, "role": "tutor", "bio": "A cool and fluffy personality, always smiling. Delivers lectures with two spoons of extra smile ", "profile_picture": "profile_pictures/indian-man-smiling-cheerful-expression-closeup-portrait.jpg", "date_joined": "2025-07-25T16:44:35.777Z", "groups": [], "user_permissions": []}}, {"model": "accounts.user", "fields": {"password": "pbkdf2_sha256$1000000$kqVvg8RVTbsrEPZxIlkkqt$Gj/F2nkwqpxQzuq54/Pm/GoL5OLVV6eFKHyBIiT/lOc=", "last_login": "2025-07-27T07:23:57.344Z", "is_superuser": false, "username": "nur_al_mumit", "first_name": "Al Mumit", "last_name": "Nur", "email": "nur@gmail.com", "is_staff": false, "is_active": true, "role": "tutor", "bio": "A dynamic and passionate programmer who can turn the tables any time!", "profile_picture": "profile_pictures/handsome-smiling-man-looking-with-disbelief.jpg", "date_joined": "2025-07-25T18:57:49.099Z", "groups": [], "user_permissions": []}}, {"model": "accounts.user", "fields": {"password": "pbkdf2_sha256$1000000$JkahEcY7WA6iWVHD2rwkdk$vSM6OcHNQQuZJ0YSpm5zhrYVr8YdWED/a3ghDrwbtaA=", "last_login": "2025-07-27T10:18:05.850Z", "is_superuser": false, "username": "tanjil_ahmed", "first_name": "Tanjil", "last_name": "Ahmed", "email": "tanjil_sec@gmail.com", "is_staff": false, "is_active": true, "role": "student", "bio": "", "profile_picture": "", "date_joined": "2025-07-26T15:47:30.754Z", "groups": [], "user_permissions": []}}, {"model": "accounts.user", "fields": {"password": "pbkdf2_sha256$1000000$BkrENyNzXvo7jM8Uszuavx$udHoHPtexeUZ7JxejHzHBe0ob1XC/uhVGe1K1Z8cZyo=", "last_login": "2025-07-27T09:12:28.507Z", "is_superuser": false, "username": "shovon_das", "first_name": "Shovon", "last_name": "Das", "email": "shovon_sec@gmail.com", "is_staff": false, "is_active": true, "role": "student", "bio": "", "profile_picture": "profile_pictures/portrait-smiling-young-man-with-his-arm-crossed-standing-against-orange_gxFpGZx.jpg", "date_joined": "2025-07-26T16:06:36.516Z", "groups": [], "user_permissions": []}}, {"model": "accounts.user", "fields": {"password": "pbkdf2_sha256$1000000$22NsECZS0fIrUx8AXmrJYH$WnxJHllW7gtrGNI/Eof7aB4cYAooampamqg/VI0Ki+c=", "last_login": "2025-07-27T18:45:19.224Z", "is_superuser": false, "username": "shah_tanjim", "first_name": "Shah Md", "last_name": "Tanjim", "email": "tanjim_sec@gmail.com", "is_staff": false, "is_active": true, "role": "student", "bio": "", "profile_picture": "profile_pictures/man-wearing-t-shirt-gesturing.jpg", "date_joined": "2025-07-26T16:21:12.748Z", "groups": [], "user_permissions": []}}, {"model": "accounts.user", "fields": {"password": "pbkdf2_sha256$1000000$BwecIloE8d1syOKagH972d$iwyjjRKwRA6cFrYGkl4SbdLd5MPbx6ZaQt9X7F5L3vU=", "last_login": "2025-07-27T18:58:30.583Z", "is_superuser": false, "username": "nahyan_h_khan", "first_name": "Nahyan Habib Khan", "last_name": "Nahyan", "email": "nahyan_sec@gmail.com", "is_staff": false, "is_active": true, "role": "student", "bio": null, "profile_picture": "profile_pictures/portrait-handsome-bearded-young-man-isolated-gray-wall.jpg", "date_joined": "2025-07-26T17:26:22.831Z", "groups": [], "user_permissions": []}}, {"model": "accounts.user", "fields": {"password": "pbkdf2_sha256$1000000$Uzu9dKxCZhe42qTCQJaRcq$gU7a3fi/Nh3fQbpFTk9VVzXel5kdr6e/sQOVP8DDopg=", "last_login": "2025-07-27T06:40:51.944Z", "is_superuser": false, "username": "sinha_dip", "first_name": "Dip", "last_name": "Singha", "email": "dip_sec@gmail.com", "is_staff": false, "is_active": true, "role": "tutor", "bio": "I am a creative graphics and UI/UX designer for the last 7 years. I have done many live arts.", "profile_picture": "profile_pictures/bohemian-man-with-his-arms-crossed.jpg", "date_joined": "2025-07-27T06:40:51.928Z", "groups": [], "user_permissions": []}}, {"model": "accounts.user", "fields": {"password": "pbkdf2_sha256$1000000$DkY2eXAeCMUNXoLDgZXVHS$n2T72qwgvZI+3uzBl/VR+Kx+QgoZ5R+wZMrV+HoXnOs=", "last_login": "2025-07-27T20:05:45.103Z", "is_superuser": false, "username": "shafkat_225", "first_name": "Shafkat", "last_name": "Hussein", "email": "shafkat_du@gmail.com", "is_staff": false, "is_active": true, "role": "student", "bio": null, "profile_picture": "profile_pictures/wellington-ferreira-72TE8cWKXRY-unsplash.jpg", "date_joined": "2025-07-27T07:55:46.345Z", "groups": [], "user_permissions": []}}, {"model": "accounts.user", "fields": {"password": "pbkdf2_sha256$1000000$LHL92vZuN7W3EueKhjEErC$zE8OfFiIvCXHHTPpNh0YUtqYH/NY8jma3ZwK20Q1/oI=", "last_login": "2025-07-27T19:46:33.718Z", "is_superuser": false, "username": "lukman_chy", "first_name": "Lukman", "last_name": "Chowdhury", "email": "lukman_sec@gmail.com", "is_staff": false, "is_active": true, "role": "tutor", "bio": "I am a passionate and adaptive programmer who can code for hours after hours. Just need coffee and cigarettes to deliver masterpieces ", "profile_picture": "profile_pictures/close-up-portrait-young-bearded-man-white-shirt-jacket-posing-camera-wi_PB1q5Dn.jpg", "date_joined": "2025-07-27T09:58:58.151Z", "groups": [], "user_permissions": []}}, {"model": "accounts.user", "fields": {"password": "pbkdf2_sha256$1000000$viwevct9xmnZqbUwEIAN0g$BoRvhYDTRFS1gNTIp6JJlOZ+O4D7Qipr7Y189qPbSM8=", "last_login": "2025-07-27T19:33:34.424Z", "is_superuser": false, "username": "ashfakur_rahman", "first_name": "Ashfakur", "last_name": "Rahman", "email": "ashfak_sec@gmail.com", "is_staff": false, "is_active": true, "role": "student", "bio": null, "profile_picture": "", "date_joined": "2025-07-27T10:20:47.300Z", "groups": [], "user_permissions": []}}, {"model": "courses.course", "pk": 1, "fields": {"tutor": ["sakib_ipe"], "title": "Fundamentals of Industrial and Production Engineering: From Design to Manufacturing Excellence", "slug": "fundamentals-of-industrial-and-production-engineering-from-design-to-manufacturing-excellence", "description": "This comprehensive course introduces students to the core concepts of Industrial and Production Engineering, covering the entire product lifecycle from initial design to final manufacturing. Students will learn to optimize production processes, implement quality control systems, and apply lean manufacturing principles in real-world scenarios.\r\n\r\n What You'll Learn: \r\n\r\nProduction planning and scheduling techniques\r\nQuality control and Six Sigma methodologies\r\nLean manufacturing and waste reduction strategies\r\nSupply chain management fundamentals\r\nCost estimation and project management\r\nAutomation and Industry 4.0 concepts\r\nErgonomics and workplace safety standards\r\nStatistical process control and data analysis\r\n\r\n Course Modules: \r\n\r\nIntroduction to IPE and Manufacturing Systems\r\nProduction Planning and Control\r\nQuality Management and Control Systems\r\nLean Manufacturing and Continuous Improvement\r\nSupply Chain and Inventory Management\r\nCost Analysis and Economic Decision Making\r\nAutomation and Smart Manufacturing\r\nSafety, Ergonomics, and Sustainability", "category": 4, "thumbnail": "course_thumbnails/WOrlD_TrIp_SeriEs.png", "course_type": "free", "price": "0.00", "created_at": "2025-07-25T09:41:10.745Z", "updated_at": "2025-07-27T08:54:11.949Z", "is_published": true}}, {"model": "courses.course", "pk": 2, "fields": {"tutor": ["rafi_mc@gmail.com"], "title": "How To Get Better At Sales", "slug": "how-to-get-better-at-sales", "description": "Master the art of selling with proven techniques that turn prospects into loyal customers. This practical course covers essential sales skills from building rapport to closing deals effectively. Learn psychological triggers, objection handling, and relationship-building strategies used by top performers. Whether you're new to sales or looking to improve your results, this course provides actionable methods to boost your sales performance and increase revenue consistently.\r\n\r\n What You'll Learn:\r\n\r\n- Effective prospecting and lead generation techniques\r\n- How to build trust and rapport with potential customers\r\n- Proven sales presentation and storytelling methods\r\n- Strategies to handle objections and overcome resistance\r\n- Psychological principles that influence buying decisions\r\n- Closing techniques that feel natural and pressure-free\r\n- Follow-up systems to maintain long-term customer relationships\r\n- Time management and sales pipeline organization\r\n\r\n Prerequisites:\r\n\r\n- Basic communication skills\r\n- Willingness to practice and role-play scenarios\r\n- Access to phone/email for practical exercises\r\n- No prior sales experience required", "category": 4, "thumbnail": "course_thumbnails/WOrlD_TrIp_SeriEs_1_bTBeOrC.png", "course_type": "free", "price": "0.00", "created_at": "2025-07-25T17:01:58.434Z", "updated_at": "2025-07-26T10:04:40.364Z", "is_published": true}}, {"model": "courses.course", "pk": 3, "fields": {"tutor": ["nur_al_mumit"], "title": "Laravel in high-end projects", "slug": "laravel-in-high-end-projects", "description": "Master Laravel development for enterprise-level applications and complex business solutions. This advanced course teaches you how to architect, build, and deploy scalable Laravel applications that handle millions of users and high-traffic scenarios. Learn industry best practices, advanced design patterns, and optimization techniques used by top development teams. Cover topics including microservices architecture, API development, performance optimization, security hardening, and deployment strategies for mission-critical applications. You'll work with real-world project scenarios, learn to integrate third-party services, and understand how to maintain code quality in large development teams. Perfect for developers ready to take their Laravel skills to the professional level and work on high-stakes projects.\r\n\r\n What You'll Learn:\r\n\r\nAdvanced Laravel architecture patterns and design principles\r\nBuilding scalable APIs and microservices with Laravel\r\nDatabase optimization and query performance tuning\r\nAdvanced authentication and authorization systems\r\nCaching strategies and performance optimization techniques\r\nTesting methodologies for enterprise applications\r\nSecurity best practices and vulnerability prevention\r\nCI/CD pipelines and deployment automation\r\nIntegration with third-party services and payment gateways\r\nCode organization and team collaboration strategies\r\n\r\n Prerequisites:\r\n\r\nSolid understanding of PHP programming fundamentals\r\nBasic knowledge of object-oriented programming concepts\r\nFamiliarity with Laravel basics (routing, controllers, models)\r\nUnderstanding of database concepts and SQL\r\nExperience with version control (Git)\r\nBasic knowledge of web development concepts (HTTP, REST APIs)", "category": 2, "thumbnail": "course_thumbnails/laravel-course_dGi96F9.png", "course_type": "paid", "price": "7000.00", "created_at": "2025-07-25T19:09:06.673Z", "updated_at": "2025-07-25T20:58:02.615Z", "is_published": true}}, {"model": "courses.course", "pk": 4, "fields": {"tutor": ["sinha_dip"], "title": "Adobe Illustrator Complete Package", "slug": "adobe-illustrator-complete-package", "description": "Master Adobe Illustrator from scratch with this comprehensive course designed for beginners and aspiring designers. You'll learn to create stunning vector graphics, logos, icons, and illustrations using professional tools and techniques. Through step-by-step video lessons, you'll gain confidence in designing for both digital and print platforms. No prior design experience is neededjust creativity and willingness to learn.\r\n\r\n What You'll Learn\r\n- Basics of vector graphics and Illustrator interface\r\n- Logo and icon design\r\n- Working with shapes, paths, and typography\r\n- Creating illustrations and exporting assets\r\n\r\n Prerequisites\r\n- Basic computer skills\r\n- Adobe Illustrator installed (any version)", "category": 5, "thumbnail": "course_thumbnails/WOrlD_TrIp_SeriEs_2_m8aE1Vs.png", "course_type": "paid", "price": "3500.00", "created_at": "2025-07-27T06:52:06.901Z", "updated_at": "2025-07-27T07:01:47.551Z", "is_published": true}}, {"model": "courses.course", "pk": 5, "fields": {"tutor": ["sinha_dip"], "title": "Canva Design Essentials for Beginners", "slug": "canva-design-essentials-for-beginners", "description": "Unleash your creativity with Canva, the easiest graphic design tool for non-designers. This course is perfect for students, marketers, small business owners, or anyone wanting to create eye-catching visuals. You'll learn how to design stunning social media posts, presentations, posters, and morewithout any prior design experience. By the end, you'll confidently create professional designs that grab attention and communicate clearly. \r\n\r\n What You'll Learn\r\n- Navigating Canvas interface and templates\r\n- Designing for social media, print, and web\r\n- Working with text, colors, images, and layers\r\n- Tips for visual balance and consistency\r\n\r\n Prerequisites\r\n- Basic internet and computer skills\r\n- Free Canva account", "category": 5, "thumbnail": "course_thumbnails/Studynest_Thumbnail.png", "course_type": "free", "price": "0.00", "created_at": "2025-07-27T07:14:36.203Z", "updated_at": "2025-07-27T07:19:24.244Z", "is_published": true}}, {"model": "courses.course", "pk": 6, "fields": {"tutor": ["nur_al_mumit"], "title": "Python for Competitive Programming", "slug": "python-for-competitive-programming", "description": "Master the use of Python in competitive programming and coding contests. This course focuses on speed, problem-solving strategies, and Python-specific tricks to help you excel in platforms like Codeforces, LeetCode, and HackerRank. You'll learn efficient coding practices, commonly used algorithms, and time-saving Python libraries to sharpen your edge in competitions. \r\n\r\n What You'll Learn\r\n- Fast input/output techniques\r\n- Time complexity analysis\r\n- Greedy, two-pointer, and sliding window strategies\r\n- Recursion and backtracking\r\n- Sorting, searching, and binary search patterns\r\n- Pythonic tricks for speed and simplicity\r\n\r\n Prerequisites\r\n- Basic knowledge of Python syntax\r\n- Familiarity with loops, conditionals, and functions\r\n- Logic/math skills at high school level", "category": 1, "thumbnail": "course_thumbnails/Studynest_Thumbnail_1.png", "course_type": "paid", "price": "2800.00", "created_at": "2025-07-27T07:30:42.932Z", "updated_at": "2025-07-27T07:33:42.905Z", "is_published": true}}, {"model": "courses.course", "pk": 7, "fields": {"tutor": ["lukman_chy"], "title": "Start Your Coding with C/C++", "slug": "start-your-coding-with-cc", "description": "Are you completely new to programming and unsure where to start? \"Start Your Coding with C/C++\" is the perfect beginner-friendly course to launch your journey into the world of coding using the powerful and foundational languagesC and C++. This course is crafted for absolute beginners who want to understand how computers think, how code works, and how to write their own programs from scratch.\r\n\r\nC and C++ are the backbone of most modern programming languages. Learning these gives you an edge in understanding how software truly works under the hood. From basic syntax and logic-building to understanding memory management and writing your first real programs, this course ensures a solid start.\r\n\r\nYoull start with simple concepts like variables, loops, and functions, then move on to C++'s enhancements like OOP (Object-Oriented Programming). This dual-language exposure will help you write clean, efficient code and build a strong foundation to learn any other language in the future.\r\n\r\nWhether you're aiming to build software, learn game development, prepare for university, or get ready for future tech careers, this course is your ideal starting point.\r\n\r\nJoin now and take your first confident steps in the world of programming!\r\n\r\n What You'll Learn\r\n- Basic syntax and structure of C & C++\r\n- Writing and running your first programs\r\n- Logic-building using conditions and loops\r\n- Functions and code reuse\r\n- Introduction to object-oriented concepts (in C++)\r\n- Best practices for writing clean, readable code\r\n\r\n Prerequisites\r\n- No prior programming experience required\r\n- Basic understanding of English and high-school level math", "category": 1, "thumbnail": "course_thumbnails/Studynest_Thumbnail_2.png", "course_type": "free", "price": "0.00", "created_at": "2025-07-27T10:06:26.202Z", "updated_at": "2025-07-27T10:08:49.100Z", "is_published": true}}, {"model": "courses.course", "pk": 8, "fields": {"tutor": ["sakib_ipe"], "title": "Content Marketing Strategy", "slug": "content-marketing-strategy", "description": "In todays digital landscape, content is king  but strategy is everything. This course, Content Marketing Strategy  Build, Grow & Convert, is designed to equip you with the knowledge and tools to craft compelling content that aligns with your brand goals and drives real results. Whether you're a marketer, business owner, freelancer, or content creator, this course will help you understand the full lifecycle of content: planning, creation, distribution, and performance analysis.\r\n\r\nYoull learn how to define your content objectives, understand your audience deeply, choose the right content formats, and create a powerful content calendar. Well dive into storytelling techniques, SEO integration, distribution channels (email, social media, blog), and performance tracking using data and analytics.\r\n\r\nBy the end of this short but focused course, youll be able to design a content strategy that is not only creative but also measurable and impactful  one that grows your audience and turns readers into loyal customers.\r\n\r\n What Youll Learn\r\n- Building content goals aligned with business objectives\r\n- Identifying target audience personas\r\n- Creating a strategic content plan & calendar\r\n- SEO, storytelling, and content repurposing\r\n- Analyzing and optimizing content performance\r\n\r\n Prerequisites\r\n- Basic understanding of marketing concepts\r\n- Familiarity with social media or blogging platforms\r\n- No prior content strategy experience needed", "category": 6, "thumbnail": "course_thumbnails/Studynest_Thumbnail_3.png", "course_type": "free", "price": "0.00", "created_at": "2025-07-27T10:13:09.102Z", "updated_at": "2025-07-27T10:15:22.291Z", "is_published": true}}, {"model": "courses.enrollment", "pk": 1, "fields": {"student": ["RAC"], "course": 1, "enrolled_at": "2025-07-25T11:00:03.173Z", "completed": true, "completed_at": "2025-07-27T08:57:43.626Z"}}, {"model": "courses.enrollment", "pk": 2, "fields": {"student": ["RAC"], "course": 3, "enrolled_at": "2025-07-25T19:41:03.497Z", "completed": false, "completed_at": null}}, {"model": "courses.enrollment", "pk": 3, "fields": {"student": ["tanjil_ahmed"], "course": 1, "enrolled_at": "2025-07-26T15:48:06.893Z", "completed": true, "completed_at": "2025-07-27T09:11:02.630Z"}}, {"model": "courses.enrollment", "pk": 4, "fields": {"student": ["shah_tanjim"], "course": 1, "enrolled_at": "2025-07-26T16:21:27.885Z", "completed": false, "completed_at": null}}, {"model": "courses.enrollment", "pk": 5, "fields": {"student": ["shah_tanjim"], "course": 2, "enrolled_at": "2025-07-26T16:52:16.127Z", "completed": false, "completed_at": null}}, {"model": "courses.enrollment", "pk": 6, "fields": {"student": ["nahyan_h_khan"], "course": 2, "enrolled_at": "2025-07-26T17:26:51.488Z", "completed": false, "completed_at": null}}, {"model": "courses.enrollment", "pk": 7, "fields": {"student": ["nahyan_h_khan"], "course": 3, "enrolled_at": "2025-07-26T17:30:56.058Z", "completed": false, "completed_at": null}}, {"model": "courses.enrollment", "pk": 8, "fields": {"student": ["shafkat_225"], "course": 6, "enrolled_at": "2025-07-27T07:58:06.225Z", "completed": true, "completed_at": "2025-07-27T08:38:37.118Z"}}, {"model": "courses.enrollment", "pk": 9, "fields": {"student": ["shafkat_225"], "course": 5, "enrolled_at": "2025-07-27T08:40:09.053Z", "completed": false, "completed_at": null}}, {"model": "courses.enrollment", "pk": 10, "fields": {"student": ["shafkat_225"], "course": 1, "enrolled_at": "2025-07-27T08:52:57.569Z", "completed": false, "completed_at": null}}, {"model": "courses.enrollment", "pk": 11, "fields": {"student": ["tanjil_ahmed"], "course": 6, "enrolled_at": "2025-07-27T09:00:29.969Z", "completed": true, "completed_at": "2025-07-27T09:01:35.284Z"}}, {"model": "courses.enrollment", "pk": 12, "fields": {"student": ["shovon_das"], "course": 6, "enrolled_at": "2025-07-27T09:13:07.881Z", "completed": false, "completed_at": null}}, {"model": "courses.enrollment", "pk": 13, "fields": {"student": ["shovon_das"], "course": 3, "enrolled_at": "2025-07-27T09:15:33.216Z", "completed": true, "completed_at": "2025-07-27T09:15:45.593Z"}}, {"model": "courses.enrollment", "pk": 14, "fields": {"student": ["shah_tanjim"], "course": 6, "enrolled_at": "2025-07-27T09:19:05.643Z", "completed": true, "completed_at": "2025-07-27T09:19:32.292Z"}}, {"model": "courses.enrollment", "pk": 15, "fields": {"student": ["shah_tanjim"], "course": 3, "enrolled_at": "2025-07-27T09:22:05.327Z", "completed": true, "completed_at": "2025-07-27T09:22:15.391Z"}}, {"model": "courses.enrollment", "pk": 16, "fields": {"student": ["shah_tanjim"], "course": 5, "enrolled_at": "2025-07-27T09:27:24.892Z", "completed": true, "completed_at": "2025-07-27T09:27:39.105Z"}}, {"model": "courses.enrollment", "pk": 17, "fields": {"student": ["shafkat_225"], "course": 4, "enrolled_at": "2025-07-27T09:30:16.602Z", "completed": true, "completed_at": "2025-07-27T09:31:48.834Z"}}, {"model": "courses.enrollment", "pk": 18, "fields": {"student": ["nahyan_h_khan"], "course": 6, "enrolled_at": "2025-07-27T09:33:38.992Z", "completed": true, "completed_at": "2025-07-27T09:40:54.296Z"}}, {"model": "courses.enrollment", "pk": 19, "fields": {"student": ["RAC"], "course": 6, "enrolled_at": "2025-07-27T09:44:11.376Z", "completed": false, "completed_at": null}}, {"model": "courses.enrollment", "pk": 20, "fields": {"student": ["shafkat_225"], "course": 8, "enrolled_at": "2025-07-27T10:16:13.612Z", "completed": true, "completed_at": "2025-07-27T10:16:21.683Z"}}, {"model": "courses.enrollment", "pk": 21, "fields": {"student": ["tanjil_ahmed"], "course": 7, "enrolled_at": "2025-07-27T10:18:24.156Z", "completed": false, "completed_at": null}}, {"model": "courses.enrollment", "pk": 22, "fields": {"student": ["ashfakur_rahman"], "course": 8, "enrolled_at": "2025-07-27T10:21:01.679Z", "completed": false, "completed_at": null}}, {"model": "courses.enrollment", "pk": 23, "fields": {"student": ["ashfakur_rahman"], "course": 7, "enrolled_at": "2025-07-27T10:22:21.159Z", "completed": true, "completed_at": "2025-07-27T12:54:47.951Z"}}, {"model": "courses.enrollment", "pk": 24, "fields": {"student": ["ashfakur_rahman"], "course": 5, "enrolled_at": "2025-07-27T10:24:34.876Z", "completed": false, "completed_at": null}}, {"model": "courses.enrollment", "pk": 25, "fields": {"student": ["shah_tanjim"], "course": 7, "enrolled_at": "2025-07-27T18:51:56.571Z", "completed": true, "completed_at": "2025-07-27T18:57:24.568Z"}}, {"model": "courses.enrollment", "pk": 26, "fields": {"student": ["RAC"], "course": 8, "enrolled_at": "2025-07-27T19:24:20.475Z", "completed": true, "completed_at": "2025-07-27T19:24:35.141Z"}}, {"model": "courses.enrollment", "pk": 27, "fields": {"student": ["RAC"], "course": 7, "enrolled_at": "2025-07-27T19:29:25.034Z", "completed": false, "completed_at": null}}, {"model": "courses.enrollment", "pk": 28, "fields": {"student": ["ashfakur_rahman"], "course": 2, "enrolled_at": "2025-07-27T19:35:25.944Z", "completed": false, "completed_at": null}}, {"model": "courses.review", "pk": 1, "fields": {"course": 1, "student": ["RAC"], "rating": 5, "comment": "It was a wonderful learning experience with @sakib_ipe!", "created_at": "2025-07-25T20:36:12.139Z", "updated_at": "2025-07-25T20:36:12.139Z"}}, {"model": "courses.review", "pk": 2, "fields": {"course": 3, "student": ["RAC"], "rating": 5, "comment": "Currently I am doing this course. Loving this already!", "created_at": "2025-07-25T20:39:00.234Z", "updated_at": "2025-07-27T09:16:59.418Z"}}, {"model": "courses.review", "pk": 3, "fields": {"course": 1, "student": ["tanjil_ahmed"], "rating": 1, "comment": "Such a loss of time and effort! ", "created_at": "2025-07-26T15:50:55.850Z", "updated_at": "2025-07-26T15:50:55.850Z"}}, {"model": "courses.review", "pk": 4, "fields": {"course": 1, "student": ["shah_tanjim"], "rating": 3, "comment": "It's not great but it's fun in free ", "created_at": "2025-07-26T16:23:32.326Z", "updated_at": "2025-07-26T16:23:32.326Z"}}, {"model": "courses.review", "pk": 5, "fields": {"course": 2, "student": ["nahyan_h_khan"], "rating": 4, "comment": "Good, i liked it ", "created_at": "2025-07-26T17:28:35.529Z", "updated_at": "2025-07-26T17:28:35.529Z"}}, {"model": "courses.review", "pk": 6, "fields": {"course": 3, "student": ["nahyan_h_khan"], "rating": 5, "comment": "Excellent! It was very helpful ", "created_at": "2025-07-26T17:32:30.378Z", "updated_at": "2025-07-26T17:32:30.378Z"}}, {"model": "courses.review", "pk": 7, "fields": {"course": 6, "student": ["shafkat_225"], "rating": 5, "comment": "Nice. Well done. Go ahead", "created_at": "2025-07-27T08:39:54.341Z", "updated_at": "2025-07-27T08:39:54.341Z"}}, {"model": "courses.review", "pk": 8, "fields": {"course": 5, "student": ["shafkat_225"], "rating": 4, "comment": "Good enough. Thanks", "created_at": "2025-07-27T08:41:01.354Z", "updated_at": "2025-07-27T08:41:01.354Z"}}, {"model": "courses.review", "pk": 9, "fields": {"course": 1, "student": ["shafkat_225"], "rating": 3, "comment": "So so.. but ok for free", "created_at": "2025-07-27T08:53:27.598Z", "updated_at": "2025-07-27T08:53:27.598Z"}}, {"model": "courses.review", "pk": 10, "fields": {"course": 6, "student": ["tanjil_ahmed"], "rating": 5, "comment": "Outstanding. Just awesome!!! Keep it up brother ", "created_at": "2025-07-27T09:10:39.774Z", "updated_at": "2025-07-27T09:10:39.774Z"}}, {"model": "courses.review", "pk": 11, "fields": {"course": 6, "student": ["shovon_das"], "rating": 5, "comment": "Nice course. Very helpful ", "created_at": "2025-07-27T09:13:42.701Z", "updated_at": "2025-07-27T09:13:42.701Z"}}, {"model": "courses.review", "pk": 12, "fields": {"course": 3, "student": ["shovon_das"], "rating": 4, "comment": "It will be very helpful for my current job. Thanks", "created_at": "2025-07-27T09:16:18.742Z", "updated_at": "2025-07-27T09:16:18.742Z"}}, {"model": "courses.review", "pk": 13, "fields": {"course": 6, "student": ["shah_tanjim"], "rating": 4, "comment": "Well structured course. The instructor was very cool! yoo", "created_at": "2025-07-27T09:20:33.853Z", "updated_at": "2025-07-27T09:20:33.853Z"}}, {"model": "courses.review", "pk": 14, "fields": {"course": 3, "student": ["shah_tanjim"], "rating": 3, "comment": "                                  ", "created_at": "2025-07-27T09:24:19.824Z", "updated_at": "2025-07-27T09:24:19.824Z"}}, {"model": "courses.review", "pk": 15, "fields": {"course": 2, "student": ["shah_tanjim"], "rating": 4, "comment": "                     ", "created_at": "2025-07-27T09:26:41.350Z", "updated_at": "2025-07-27T09:26:41.350Z"}}, {"model": "courses.review", "pk": 16, "fields": {"course": 5, "student": ["shah_tanjim"], "rating": 5, "comment": "                              ", "created_at": "2025-07-27T09:28:37.948Z", "updated_at": "2025-07-27T09:28:37.948Z"}}, {"model": "courses.review", "pk": 17, "fields": {"course": 4, "student": ["shafkat_225"], "rating": 5, "comment": "              !!!", "created_at": "2025-07-27T09:31:21.817Z", "updated_at": "2025-07-27T09:31:21.817Z"}}, {"model": "courses.review", "pk": 18, "fields": {"course": 6, "student": ["nahyan_h_khan"], "rating": 5, "comment": "       TLE                  -          ", "created_at": "2025-07-27T09:42:45.733Z", "updated_at": "2025-07-27T09:42:45.733Z"}}, {"model": "courses.review", "pk": 19, "fields": {"course": 6, "student": ["RAC"], "rating": 4, "comment": "I have not completed the course yet. But it is good. I liked the explanations- very clear, easily delivered. RECOMMENDED", "created_at": "2025-07-27T09:46:06.803Z", "updated_at": "2025-07-27T09:46:06.803Z"}}, {"model": "courses.review", "pk": 20, "fields": {"course": 8, "student": ["shafkat_225"], "rating": 5, "comment": "        ! Wonderful!!!", "created_at": "2025-07-27T10:17:12.011Z", "updated_at": "2025-07-27T10:17:12.011Z"}}, {"model": "courses.review", "pk": 21, "fields": {"course": 7, "student": ["tanjil_ahmed"], "rating": 5, "comment": "Outstanding brother! keep it up!", "created_at": "2025-07-27T10:18:39.355Z", "updated_at": "2025-07-27T10:18:39.355Z"}}, {"model": "courses.review", "pk": 22, "fields": {"course": 8, "student": ["ashfakur_rahman"], "rating": 4, "comment": "Good course. but it has some lacking in showing more practical scenarios. overall it was good, no doubt", "created_at": "2025-07-27T10:22:00.013Z", "updated_at": "2025-07-27T10:22:00.013Z"}}, {"model": "courses.review", "pk": 23, "fields": {"course": 7, "student": ["ashfakur_rahman"], "rating": 5, "comment": "I have started the course. Though i have not covered much of it, but i can give assurance that this is an outstanding course and very useful especially if you are new to programming ", "created_at": "2025-07-27T10:23:35.738Z", "updated_at": "2025-07-27T10:23:35.738Z"}}, {"model": "courses.review", "pk": 24, "fields": {"course": 5, "student": ["ashfakur_rahman"], "rating": 4, "comment": "The design sense of the instructor is very good. His tips are very useful.", "created_at": "2025-07-27T10:25:13.502Z", "updated_at": "2025-07-27T10:25:13.502Z"}}, {"model": "courses.review", "pk": 25, "fields": {"course": 7, "student": ["shah_tanjim"], "rating": 5, "comment": "              ", "created_at": "2025-07-27T18:56:04.016Z", "updated_at": "2025-07-27T18:56:04.016Z"}}, {"model": "courses.review", "pk": 26, "fields": {"course": 8, "student": ["RAC"], "rating": 2, "comment": "                      ", "created_at": "2025-07-27T19:28:05.649Z", "updated_at": "2025-07-27T19:28:05.649Z"}}, {"model": "courses.review", "pk": 27, "fields": {"course": 7, "student": ["RAC"], "rating": 5, "comment": "            ", "created_at": "2025-07-27T19:32:08.459Z", "updated_at": "2025-07-27T19:32:08.459Z"}}, {"model": "courses.review", "pk": 28, "fields": {"course": 2, "student": ["ashfakur_rahman"], "rating": 4, "comment": "Learnt some nice tips \r\nGood job @rafi_mc", "created_at": "2025-07-27T19:44:35.280Z", "updated_at": "2025-07-27T19:45:56.448Z"}}, {"model": "payments.payment", "pk": 1, "fields": {"student": ["RAC"], "course": 3, "amount": "7000.00", "stripe_payment_intent_id": "pi_3RorTN4nLJMCKuLG0Mudc3wa", "status": "completed", "created_at": "2025-07-25T19:41:03.504Z", "updated_at": "2025-07-25T19:41:03.504Z"}}, {"model": "payments.payment", "pk": 2, "fields": {"student": ["nahyan_h_khan"], "course": 3, "amount": "7000.00", "stripe_payment_intent_id": "pi_3RpBvt4nLJMCKuLG0cIgxQ0l", "status": "completed", "created_at": "2025-07-26T17:30:56.063Z", "updated_at": "2025-07-26T17:30:56.063Z"}}, {"model": "payments.payment", "pk": 3, "fields": {"student": ["shafkat_225"], "course": 6, "amount": "2800.00", "stripe_payment_intent_id": "pi_3RpPT54nLJMCKuLG1qEv4P0f", "status": "completed", "created_at": "2025-07-27T07:58:06.230Z", "updated_at": "2025-07-27T07:58:06.230Z"}}, {"model": "payments.payment", "pk": 4, "fields": {"student": ["tanjil_ahmed"], "course": 6, "amount": "2800.00", "stripe_payment_intent_id": "pi_3RpQRS4nLJMCKuLG1jot54pq", "status": "completed", "created_at": "2025-07-27T09:00:29.974Z", "updated_at": "2025-07-27T09:00:29.974Z"}}, {"model": "payments.payment", "pk": 5, "fields": {"student": ["shovon_das"], "course": 6, "amount": "2800.00", "stripe_payment_intent_id": "pi_3RpQdh4nLJMCKuLG13VprZve", "status": "completed", "created_at": "2025-07-27T09:13:07.886Z", "updated_at": "2025-07-27T09:13:07.886Z"}}, {"model": "payments.payment", "pk": 6, "fields": {"student": ["shovon_das"], "course": 3, "amount": "7000.00", "stripe_payment_intent_id": "pi_3RpQg24nLJMCKuLG1nJefTKK", "status": "completed", "created_at": "2025-07-27T09:15:33.225Z", "updated_at": "2025-07-27T09:15:33.225Z"}}, {"model": "payments.payment", "pk": 7, "fields": {"student": ["shah_tanjim"], "course": 6, "amount": "2800.00", "stripe_payment_intent_id": "pi_3RpQjS4nLJMCKuLG0s0uWWE1", "status": "completed", "created_at": "2025-07-27T09:19:05.649Z", "updated_at": "2025-07-27T09:19:05.649Z"}}, {"model": "payments.payment", "pk": 8, "fields": {"student": ["shah_tanjim"], "course": 3, "amount": "7000.00", "stripe_payment_intent_id": "pi_3RpQmM4nLJMCKuLG0VWo8HUd", "status": "completed", "created_at": "2025-07-27T09:22:05.337Z", "updated_at": "2025-07-27T09:22:05.337Z"}}, {"model": "payments.payment", "pk": 9, "fields": {"student": ["shafkat_225"], "course": 4, "amount": "3500.00", "stripe_payment_intent_id": "pi_3RpQuH4nLJMCKuLG1i94hKoE", "status": "completed", "created_at": "2025-07-27T09:30:16.607Z", "updated_at": "2025-07-27T09:30:16.607Z"}}, {"model": "payments.payment", "pk": 10, "fields": {"student": ["nahyan_h_khan"], "course": 6, "amount": "2800.00", "stripe_payment_intent_id": "pi_3RpQxX4nLJMCKuLG0jSaOLht", "status": "completed", "created_at": "2025-07-27T09:33:39.000Z", "updated_at": "2025-07-27T09:33:39.000Z"}}, {"model": "payments.payment", "pk": 11, "fields": {"student": ["RAC"], "course": 6, "amount": "2800.00", "stripe_payment_intent_id": "pi_3RpR7k4nLJMCKuLG0j0jt1Zz", "status": "completed", "created_at": "2025-07-27T09:44:11.381Z", "updated_at": "2025-07-27T09:44:11.381Z"}}, {"model": "admin.logentry", "pk": 1, "fields": {"action_time": "2025-07-26T16:19:10.471Z", "user": ["RAC"], "content_type": ["accounts", "user"], "object_id": "1", "object_repr": "RAC", "action_flag": 2, "change_message": "[{\"changed\": {\"fields\": [\"Profile picture\"]}}]"}}, {"model": "admin.logentry", "pk": 2, "fields": {"action_time": "2025-07-26T16:19:36.886Z", "user": ["RAC"], "content_type": ["accounts", "user"], "object_id": "4", "object_repr": "nur_al_mumit", "action_flag": 2, "change_message": "[{\"changed\": {\"fields\": [\"Profile picture\"]}}]"}}, {"model": "admin.logentry", "pk": 3, "fields": {"action_time": "2025-07-26T16:20:06.624Z", "user": ["RAC"], "content_type": ["accounts", "user"], "object_id": "3", "object_repr": "rafi_mc@gmail.com", "action_flag": 2, "change_message": "[{\"changed\": {\"fields\": [\"Profile picture\"]}}]"}}, {"model": "admin.logentry", "pk": 4, "fields": {"action_time": "2025-07-26T16:20:26.672Z", "user": ["RAC"], "content_type": ["accounts", "user"], "object_id": "2", "object_repr": "sakib_ipe", "action_flag": 2, "change_message": "[{\"changed\": {\"fields\": [\"Profile picture\"]}}]"}}, {"model": "admin.logentry", "pk": 5, "fields": {"action_time": "2025-07-26T17:22:25.303Z", "user": ["RAC"], "content_type": ["accounts", "user"], "object_id": "4", "object_repr": "nur_al_mumit", "action_flag": 2, "change_message": "[{\"changed\": {\"fields\": [\"First name\", \"Last name\"]}}]"}}, {"model": "admin.logentry", "pk": 6, "fields": {"action_time": "2025-07-26T19:56:49.708Z", "user": ["RAC"], "content_type": ["accounts", "user"], "object_id": "1", "object_repr": "RAC", "action_flag": 2, "change_message": "[{\"changed\": {\"fields\": [\"First name\", \"Last name\"]}}]"}}, {"model": "admin.logentry", "pk": 7, "fields": {"action_time": "2025-07-26T19:57:06.440Z", "user": ["RAC"], "content_type": ["accounts", "user"], "object_id": "3", "object_repr": "rafi_mc@gmail.com", "action_flag": 2, "change_message": "[{\"changed\": {\"fields\": [\"First name\", \"Last name\"]}}]"}}, {"model": "admin.logentry", "pk": 8, "fields": {"action_time": "2025-07-26T19:57:21.654Z", "user": ["RAC"], "content_type": ["accounts", "user"], "object_id": "2", "object_repr": "sakib_ipe", "action_flag": 2, "change_message": "[{\"changed\": {\"fields\": [\"First name\", \"Last name\"]}}]"}}, {"model": "admin.logentry", "pk": 9, "fields": {"action_time": "2025-07-26T19:57:31.783Z", "user": ["RAC"], "content_type": ["accounts", "user"], "object_id": "7", "object_repr": "shah_tanjim", "action_flag": 2, "change_message": "[{\"changed\": {\"fields\": [\"First name\", \"Last name\"]}}]"}}, {"model": "admin.logentry", "pk": 10, "fields": {"action_time": "2025-07-26T19:57:43.122Z", "user": ["RAC"], "content_type": ["accounts", "user"], "object_id": "6", "object_repr": "shovon_das", "action_flag": 2, "change_message": "[{\"changed\": {\"fields\": [\"First name\", \"Last name\"]}}]"}}, {"model": "admin.logentry", "pk": 11, "fields": {"action_time": "2025-07-26T19:58:01.645Z", "user": ["RAC"], "content_type": ["accounts", "user"], "object_id": "5", "object_repr": "tanjil_ahmed", "action_flag": 2, "change_message": "[{\"changed\": {\"fields\": [\"First name\", \"Last name\"]}}]"}}, {"model": "admin.logentry", "pk": 12, "fields": {"action_time": "2025-07-27T09:16:59.425Z", "user": ["RAC"], "content_type": ["courses", "review"], "object_id": "2", "object_repr": "RAC - Laravel in high-end projects (5/5)", "action_flag": 2, "change_message": "[{\"changed\": {\"fields\": [\"Comment\"]}}]"}}, {"model": "admin.logentry", "pk": 13, "fields": {"action_time": "2025-07-27T19:45:24.181Z", "user": ["RAC"], "content_type": ["courses", "review"], "object_id": "28", "object_repr": "ashfakur_rahman - How To Get Better At Sales (4/5)", "action_flag": 2, "change_message": "[{\"changed\": {\"fields\": [\"Comment\"]}}]"}}, {"model": "admin.logentry", "pk": 14, "fields": {"action_time": "2025-07-27T19:45:56.452Z", "user": ["RAC"], "content_type": ["courses", "review"], "object_id": "28", "object_repr": "ashfakur_rahman - How To Get Better At Sales (4/5)", "action_flag": 2, "change_message": "[]"}}]